date,city,PM2_5,PM10,O3,NO2,SO2,temperature,AQI
2023-01-01,北京,77.7,119.7,38.5,40.0,5.3,-5.0,109.0
2023-01-01,上海,49.6,71.4,74.6,36.7,16.6,-5.0,89.0
2023-01-01,广州,61.7,96.0,51.6,22.0,6.5,-5.0,95.0
2023-01-01,深圳,,156.9,,30.2,8.3,-5.0,149.0
2023-01-01,杭州,101.4,158.4,76.6,44.2,11.6,-5.0,152.0
2023-01-01,成都,66.4,112.2,49.8,30.8,21.9,-5.0,100.0
2023-01-01,武汉,37.6,67.7,79.6,21.4,7.1,-5.0,77.0
2023-01-01,西安,80.3,132.1,71.2,41.8,5.6,-5.0,125.0
2023-01-01,南京,27.7,51.2,69.4,35.8,11.6,-5.0,61.0
2023-01-01,重庆,66.9,110.8,79.8,38.9,13.4,-5.0,112.0
2023-01-02,北京,36.8,64.0,79.8,42.0,10.1,-5.0,76.0
2023-01-02,上海,77.7,127.6,45.2,40.3,22.4,-5.0,111.0
2023-01-02,广州,57.3,99.0,75.2,41.1,13.6,-5.0,99.0
2023-01-02,深圳,49.1,83.3,54.4,40.9,10.0,-5.0,81.0
2023-01-02,杭州,60.9,104.1,52.9,27.2,14.7,-5.0,94.0
2023-01-02,成都,77.3,128.2,41.2,46.9,14.2,-5.0,109.0
2023-01-02,武汉,57.0,91.6,119.6,47.4,17.9,-5.0,116.0
2023-01-02,西安,31.4,50.5,100.4,42.0,12.4,-5.0,78.0
2023-01-02,南京,35.4,67.1,85.2,21.8,13.1,-5.0,77.0
2023-01-02,重庆,20.9,39.8,67.6,27.2,0.3,-5.0,52.0
2023-01-03,北京,53.6,92.6,74.9,19.7,10.3,-5.0,94.0
2023-01-03,上海,100.3,168.0,68.8,47.3,3.1,-5.0,148.0
2023-01-03,广州,56.8,100.3,81.5,35.2,13.1,-5.0,101.0
2023-01-03,深圳,41.1,75.4,58.6,44.2,9.6,-5.0,73.0
2023-01-03,杭州,45.6,78.2,65.1,42.4,13.8,-5.0,81.0
2023-01-03,成都,45.0,86.5,97.1,31.3,6.7,-5.0,93.0
2023-01-03,武汉,55.7,90.2,50.3,53.9,16.9,-5.0,87.0
2023-01-03,西安,74.0,126.6,46.5,45.4,17.6,-5.0,107.0
2023-01-03,南京,81.7,130.1,59.5,57.1,18.7,-5.0,122.0
2023-01-03,重庆,93.6,143.3,59.5,57.0,11.1,-5.0,136.0
2023-01-04,北京,62.9,115.1,79.8,51.3,12.8,-5.0,107.0
2023-01-04,上海,,72.1,40.1,48.5,17.1,-5.0,66.0
2023-01-04,广州,81.0,125.8,23.0,21.7,18.4,-5.0,106.0
2023-01-04,深圳,39.2,78.2,82.5,27.7,12.6,-5.0,80.0
2023-01-04,杭州,36.2,64.0,53.4,27.7,12.7,-5.0,65.0
2023-01-04,成都,77.4,124.7,94.1,8.8,11.2,-5.0,131.0
2023-01-04,武汉,70.0,118.4,79.5,8.2,13.7,-5.0,116.0
2023-01-04,西安,30.1,61.9,75.4,33.4,8.3,-5.0,66.0
2023-01-04,南京,37.1,63.2,71.1,25.8,6.6,-5.0,73.0
2023-01-04,重庆,41.6,75.0,70.3,21.4,11.0,-5.0,78.0
2023-01-05,北京,91.6,149.6,88.1,24.4,12.8,-4.9,145.0
2023-01-05,上海,58.5,91.7,,44.3,11.0,-4.9,80.0
2023-01-05,广州,39.0,65.8,89.3,33.3,11.2,-4.9,83.0
2023-01-05,深圳,70.6,106.0,34.7,29.9,10.0,-4.9,99.0
2023-01-05,杭州,48.8,85.1,42.4,44.0,13.5,-4.9,76.0
2023-01-05,成都,67.9,114.2,27.8,27.9,1.4,-4.9,93.0
2023-01-05,武汉,39.8,64.5,70.3,42.0,18.6,-4.9,76.0
2023-01-05,西安,75.5,127.7,67.1,28.8,3.8,-4.9,117.0
2023-01-05,南京,80.0,140.0,68.4,24.8,14.7,-4.9,123.0
2023-01-05,重庆,108.1,177.5,49.4,30.5,16.7,-4.9,149.0
2023-01-06,北京,74.0,119.7,82.8,34.9,13.4,-4.9,122.0
2023-01-06,上海,31.4,60.1,85.6,14.8,15.8,-4.9,72.0
2023-01-06,广州,68.1,104.4,100.0,21.2,7.2,-4.9,122.0
2023-01-06,深圳,68.1,117.9,44.4,58.7,10.7,-4.9,99.0
2023-01-06,杭州,102.9,158.8,32.9,38.8,11.2,-4.9,137.0
2023-01-06,成都,74.9,116.7,68.2,34.3,8.5,-4.9,117.0
2023-01-06,武汉,75.5,126.7,94.1,51.4,15.2,-4.9,128.0
2023-01-06,西安,47.8,83.1,93.5,26.8,10.1,-4.9,95.0
2023-01-06,南京,55.0,92.2,78.3,31.7,14.1,-4.9,97.0
2023-01-06,重庆,57.4,96.4,65.9,26.1,13.3,-4.9,95.0
2023-01-07,北京,47.0,77.1,105.0,16.8,14.4,-4.9,98.0
2023-01-07,上海,75.3,122.1,68.4,54.6,12.3,-4.9,118.0
2023-01-07,广州,44.8,79.0,70.9,52.8,6.9,-4.9,82.0
2023-01-07,深圳,49.2,78.5,36.0,48.8,19.2,-4.9,73.0
2023-01-07,杭州,64.1,105.7,54.0,42.4,7.9,-4.9,99.0
2023-01-07,成都,85.5,137.3,86.9,23.9,9.7,-4.9,137.0
2023-01-07,武汉,37.0,63.1,36.9,14.0,19.3,-4.9,59.0
2023-01-07,西安,41.8,76.5,84.1,58.2,19.2,-4.9,84.0
2023-01-07,南京,-10.5,-6.4,69.9,32.7,13.5,-4.9,15.0
2023-01-07,重庆,35.9,64.8,76.7,57.4,12.9,-4.9,74.0
2023-01-08,北京,45.6,74.3,64.8,32.0,21.5,-4.8,81.0
2023-01-08,上海,32.6,56.1,67.8,36.3,12.5,-4.8,66.0
2023-01-08,广州,45.6,77.9,73.3,39.3,15.3,-4.8,84.0
2023-01-08,深圳,48.4,91.8,25.9,10.6,14.1,-4.8,68.0
2023-01-08,杭州,76.4,124.6,81.1,35.4,14.2,-4.8,124.0
2023-01-08,成都,60.4,93.4,40.4,48.4,11.8,-4.8,89.0
2023-01-08,武汉,,88.7,100.5,53.9,22.5,-4.8,107.0
2023-01-08,西安,64.5,107.5,35.4,42.2,14.7,-4.8,92.0
2023-01-08,南京,50.2,87.6,64.8,34.5,6.5,-4.8,86.0
2023-01-08,重庆,72.2,124.8,76.1,28.7,3.9,-4.8,117.0
2023-01-09,北京,81.8,133.3,56.3,33.1,8.7,-4.8,121.0
2023-01-09,上海,33.9,63.9,98.6,8.5,5.5,-4.8,80.0
2023-01-09,广州,38.2,57.0,79.3,4.7,9.8,-4.8,78.0
2023-01-09,深圳,31.7,57.1,64.3,22.7,8.1,-4.8,64.0
2023-01-09,杭州,76.1,118.6,73.3,42.9,14.1,-4.8,121.0
2023-01-09,成都,97.6,161.7,66.4,21.0,10.8,-4.8,144.0
2023-01-09,武汉,83.8,135.7,99.6,34.8,12.0,-4.8,140.0
2023-01-09,西安,49.3,79.3,49.1,37.5,10.2,-4.8,79.0
2023-01-09,南京,69.7,111.0,83.9,22.6,13.8,-4.8,117.0
2023-01-09,重庆,67.9,110.6,87.5,14.8,15.9,-4.8,116.0
2023-01-10,北京,79.1,131.3,46.1,34.9,11.6,-4.7,113.0
2023-01-10,上海,60.5,108.3,64.1,25.7,16.5,-4.7,98.0
2023-01-10,广州,34.6,72.2,86.0,44.6,14.8,-4.7,76.0
2023-01-10,深圳,39.9,71.8,89.9,42.6,14.8,-4.7,84.0
2023-01-10,杭州,66.2,102.9,130.8,25.8,8.4,-4.7,132.0
2023-01-10,成都,47.1,83.4,93.7,47.8,10.4,-4.7,94.0
2023-01-10,武汉,69.8,111.6,26.5,40.3,13.2,-4.7,94.0
2023-01-10,西安,52.5,78.9,48.6,47.0,7.9,-4.7,82.0
2023-01-10,南京,38.9,79.6,76.2,22.5,10.4,-4.7,77.0
2023-01-10,重庆,61.6,103.6,72.5,56.3,19.0,-4.7,103.0
2023-01-11,北京,88.9,144.5,74.6,52.9,9.9,-4.6,137.0
2023-01-11,上海,17.5,38.9,89.9,32.8,13.3,-4.6,57.0
2023-01-11,广州,85.9,137.1,66.0,71.5,13.9,-4.6,129.0
2023-01-11,深圳,38.1,70.0,62.9,49.7,13.1,-4.6,71.0
2023-01-11,杭州,70.7,113.2,37.2,52.2,15.7,-4.6,100.0
2023-01-11,成都,66.3,102.3,40.3,56.3,13.1,-4.6,96.0
2023-01-11,武汉,67.6,112.4,80.5,53.6,17.0,-4.6,113.0
2023-01-11,西安,55.0,99.5,60.7,39.4,5.1,-4.6,90.0
2023-01-11,南京,54.7,94.6,36.0,39.5,2.1,-4.6,80.0
2023-01-11,重庆,60.6,105.9,39.2,40.0,11.6,-4.6,88.0
2023-01-12,北京,76.1,122.3,73.3,27.4,14.7,-4.6,121.0
2023-01-12,上海,82.1,134.4,13.8,35.3,11.1,-4.6,104.0
2023-01-12,广州,131.3,214.0,67.4,43.3,19.0,-4.6,185.0
2023-01-12,深圳,71.0,112.0,72.3,18.6,13.6,-4.6,114.0
2023-01-12,杭州,41.2,73.7,66.8,31.2,14.5,-4.6,76.0
2023-01-12,成都,64.7,104.8,70.9,40.0,15.3,-4.6,106.0
2023-01-12,武汉,53.2,92.1,63.8,43.5,11.2,-4.6,89.0
2023-01-12,西安,16.0,33.9,77.9,29.3,6.8,-4.6,50.0
2023-01-12,南京,84.8,135.1,65.5,38.8,11.9,-4.6,128.0
2023-01-12,重庆,44.4,73.8,91.6,33.4,19.5,-4.6,90.0
2023-01-13,北京,13.9,22.7,134.5,41.2,18.3,-4.5,70.0
2023-01-13,上海,60.4,99.3,106.2,50.0,14.5,-4.5,115.0
2023-01-13,广州,36.5,64.9,86.1,22.8,9.7,-4.5,78.0
2023-01-13,深圳,43.6,86.2,75.3,9.1,7.7,-4.5,82.0
2023-01-13,杭州,76.5,132.6,85.4,31.9,12.6,-4.5,126.0
2023-01-13,成都,77.8,129.0,78.5,47.4,7.4,-4.5,125.0
2023-01-13,武汉,68.7,111.2,88.0,49.9,16.1,-4.5,118.0
2023-01-13,西安,47.7,86.9,71.6,35.4,14.7,-4.5,86.0
2023-01-13,南京,16.2,35.6,83.1,55.0,8.1,-4.5,53.0
2023-01-13,重庆,62.9,106.0,105.7,30.6,17.2,-4.5,118.0
2023-01-14,北京,74.0,121.2,53.8,28.8,7.8,-4.4,110.0
2023-01-14,上海,111.9,182.7,59.8,28.9,11.7,-4.4,158.0
2023-01-14,广州,43.3,72.2,33.0,46.1,1.5,-4.4,65.0
2023-01-14,深圳,49.3,86.1,31.9,27.0,14.6,-4.4,72.0
2023-01-14,杭州,59.2,105.0,81.7,37.9,20.8,-4.4,104.0
2023-01-14,成都,92.1,145.6,67.6,23.1,13.7,-4.4,138.0
2023-01-14,武汉,79.0,127.5,73.6,47.6,4.5,-4.4,124.0
2023-01-14,西安,12.3,30.1,64.6,48.5,8.2,-4.4,41.0
2023-01-14,南京,58.9,99.0,77.2,17.1,20.4,-4.4,102.0
2023-01-14,重庆,50.6,86.4,18.1,26.0,5.2,-4.4,68.0
2023-01-15,北京,39.6,79.1,80.1,52.0,5.4,-4.3,80.0
2023-01-15,上海,70.6,129.8,60.9,18.7,13.2,-4.3,109.0
2023-01-15,广州,75.4,126.0,44.6,28.7,7.9,-4.3,108.0
2023-01-15,深圳,50.6,92.7,81.3,33.8,11.8,-4.3,93.0
2023-01-15,杭州,58.3,99.0,84.2,34.7,14.6,-4.3,104.0
2023-01-15,成都,63.2,105.2,90.6,37.9,7.5,-4.3,112.0
2023-01-15,武汉,37.4,75.6,70.8,47.3,3.6,-4.3,73.0
2023-01-15,西安,47.5,84.2,81.3,26.4,8.0,-4.3,90.0
2023-01-15,南京,48.8,87.0,68.7,43.8,7.0,-4.3,86.0
2023-01-15,重庆,82.8,129.6,39.1,36.2,14.2,-4.3,115.0
2023-01-16,北京,79.4,138.4,81.9,23.7,6.9,-4.2,128.0
2023-01-16,上海,109.0,169.7,88.6,40.1,16.3,-4.2,166.0
2023-01-16,广州,65.9,108.9,53.3,17.9,9.9,-4.2,100.0
2023-01-16,深圳,84.3,140.1,112.9,23.0,12.6,-4.2,146.0
2023-01-16,杭州,97.1,157.7,72.1,58.4,18.4,-4.2,145.0
2023-01-16,成都,56.1,92.6,92.4,34.9,13.5,-4.2,104.0
2023-01-16,武汉,37.3,73.2,87.9,55.6,23.4,-4.2,80.0
2023-01-16,西安,67.1,113.8,48.8,27.0,11.8,-4.2,100.0
2023-01-16,南京,48.5,93.6,57.5,34.2,16.2,-4.2,81.0
2023-01-16,重庆,59.6,93.2,76.3,50.2,10.7,-4.2,102.0
2023-01-17,北京,66.0,115.5,35.8,30.8,11.0,-4.1,94.0
2023-01-17,上海,40.0,73.7,40.5,27.8,18.9,-4.1,64.0
2023-01-17,广州,101.4,161.4,84.8,25.7,13.4,-4.1,156.0
2023-01-17,深圳,38.1,63.4,52.4,20.9,14.4,-4.1,67.0
2023-01-17,杭州,56.9,86.2,69.9,60.5,6.8,-4.1,96.0
2023-01-17,成都,89.7,146.8,73.7,31.3,1.2,-4.1,137.0
2023-01-17,武汉,,103.0,45.4,58.5,13.1,-4.1,93.0
2023-01-17,西安,58.7,102.5,51.7,52.2,6.7,-4.1,91.0
2023-01-17,南京,41.8,69.2,86.1,39.8,10.3,-4.1,85.0
2023-01-17,重庆,56.9,94.5,46.2,50.1,19.8,-4.1,87.0
2023-01-18,北京,55.2,99.1,86.7,33.7,14.7,-4.0,101.0
2023-01-18,上海,69.9,114.1,79.9,21.5,11.0,-4.0,116.0
2023-01-18,广州,71.2,125.0,81.1,35.2,3.4,-4.0,118.0
2023-01-18,深圳,63.4,94.3,60.6,20.7,18.6,-4.0,100.0
2023-01-18,杭州,38.3,65.8,79.7,44.8,12.3,-4.0,78.0
2023-01-18,成都,59.2,89.5,87.1,42.3,16.6,-4.0,106.0
2023-01-18,武汉,50.3,81.8,64.9,50.6,9.6,-4.0,86.0
2023-01-18,西安,44.4,85.1,64.7,36.0,17.8,-4.0,79.0
2023-01-18,南京,80.5,126.6,75.8,32.1,22.1,-4.0,127.0
2023-01-18,重庆,77.2,120.5,,27.8,8.1,-4.0,122.0
2023-01-19,北京,74.7,135.0,57.1,24.8,16.5,-3.9,112.0
2023-01-19,上海,68.6,109.1,13.3,37.5,12.7,-3.9,88.0
2023-01-19,广州,48.9,86.9,62.8,33.3,12.8,-3.9,84.0
2023-01-19,深圳,51.0,86.1,45.3,48.9,8.7,-3.9,79.0
2023-01-19,杭州,52.1,88.5,45.8,34.5,13.3,-3.9,81.0
2023-01-19,成都,44.3,83.9,76.0,35.5,5.3,-3.9,84.0
2023-01-19,武汉,121.2,197.5,48.5,31.7,11.6,-3.9,165.0
2023-01-19,西安,,124.5,,32.9,13.8,-3.9,128.0
2023-01-19,南京,73.7,119.8,,47.9,8.1,-3.9,116.0
2023-01-19,重庆,77.5,124.2,61.7,56.8,12.4,-3.9,118.0
2023-01-20,北京,38.1,56.9,82.5,28.4,15.7,-3.8,79.0
2023-01-20,上海,60.3,100.1,78.9,13.6,12.1,-3.8,104.0
2023-01-20,广州,73.3,128.2,49.9,37.6,12.4,-3.8,108.0
2023-01-20,深圳,14.1,27.0,34.9,42.2,3.9,-3.8,31.0
2023-01-20,杭州,119.3,196.4,57.8,12.8,14.0,-3.8,166.0
2023-01-20,成都,67.6,119.3,25.5,53.5,4.0,-3.8,91.0
2023-01-20,武汉,43.3,67.4,91.5,46.1,9.1,-3.8,89.0
2023-01-20,西安,60.8,103.6,77.5,38.3,16.5,-3.8,104.0
2023-01-20,南京,55.7,97.8,76.1,36.4,7.5,-3.8,97.0
2023-01-20,重庆,17.8,42.2,65.6,34.4,12.2,-3.8,48.0
2023-01-21,北京,75.5,124.6,88.4,40.2,5.6,-3.7,126.0
2023-01-21,上海,81.1,134.7,86.4,40.2,18.5,-3.7,132.0
2023-01-21,广州,35.0,67.8,65.5,39.2,16.8,-3.7,68.0
2023-01-21,深圳,45.5,75.6,107.7,25.8,8.9,-3.7,98.0
2023-01-21,杭州,60.7,100.4,39.4,36.3,12.9,-3.7,89.0
2023-01-21,成都,84.0,127.3,61.2,30.4,14.0,-3.7,125.0
2023-01-21,武汉,36.3,61.1,,45.1,10.3,-3.7,63.0
2023-01-21,西安,41.6,73.2,36.8,36.5,7.1,-3.7,65.0
2023-01-21,南京,51.3,85.2,47.6,49.1,1.8,-3.7,81.0
2023-01-21,重庆,68.1,115.3,49.2,23.7,14.4,-3.7,101.0
2023-01-22,北京,61.1,110.5,107.0,33.4,13.1,-3.6,116.0
2023-01-22,上海,42.2,68.0,92.5,36.5,22.9,-3.6,88.0
2023-01-22,广州,82.0,127.2,74.6,40.9,12.3,-3.6,128.0
2023-01-22,深圳,105.4,170.1,58.8,20.3,8.4,-3.6,150.0
2023-01-22,杭州,88.2,144.7,61.8,28.9,4.8,-3.6,131.0
2023-01-22,成都,46.4,90.7,50.8,29.0,10.9,-3.6,76.0
2023-01-22,武汉,38.2,71.9,60.8,37.3,11.2,-3.6,70.0
2023-01-22,西安,48.4,83.1,73.0,20.1,16.3,-3.6,87.0
2023-01-22,南京,58.9,94.5,,36.9,24.1,-3.6,94.0
2023-01-22,重庆,56.1,103.0,87.4,41.9,13.2,-3.6,102.0
2023-01-23,北京,4.7,23.5,63.5,34.0,14.4,-3.5,31.0
2023-01-23,上海,78.5,130.3,59.2,23.3,12.2,-3.5,118.0
2023-01-23,广州,81.8,133.8,57.1,31.1,9.8,-3.5,121.0
2023-01-23,深圳,60.7,108.9,78.3,41.9,13.7,-3.5,104.0
2023-01-23,杭州,58.1,93.8,,40.9,16.8,-3.5,95.0
2023-01-23,成都,51.8,83.4,79.2,25.2,9.7,-3.5,94.0
2023-01-23,武汉,32.0,52.7,49.6,17.6,13.4,-3.5,58.0
2023-01-23,西安,73.0,118.8,43.9,70.8,2.1,-3.5,105.0
2023-01-23,南京,64.7,100.0,40.2,39.3,11.2,-3.5,94.0
2023-01-23,重庆,92.6,145.0,61.0,-0.1,16.4,-3.5,136.0
2023-01-24,北京,73.2,108.9,,41.0,14.2,-3.3,121.0
2023-01-24,上海,61.9,107.2,78.8,44.9,1.2,-3.3,106.0
2023-01-24,广州,71.2,119.5,45.6,42.4,3.4,-3.3,104.0
2023-01-24,深圳,58.4,96.5,90.5,31.0,6.7,-3.3,106.0
2023-01-24,杭州,67.7,110.1,44.5,45.6,6.9,-3.3,99.0
2023-01-24,成都,82.2,129.0,49.7,52.3,8.1,-3.3,119.0
2023-01-24,武汉,95.0,151.5,56.8,17.7,1.4,-3.3,137.0
2023-01-24,西安,50.7,87.4,54.4,45.7,16.8,-3.3,83.0
2023-01-24,南京,51.8,89.8,80.0,29.3,18.0,-3.3,94.0
2023-01-24,重庆,45.8,77.1,50.5,16.7,17.0,-3.3,75.0
2023-01-25,北京,55.2,97.1,51.0,41.8,12.4,-3.2,87.0
2023-01-25,上海,71.0,120.6,65.8,33.7,16.2,-3.2,112.0
2023-01-25,广州,70.1,119.2,87.3,29.7,16.7,-3.2,119.0
2023-01-25,深圳,77.1,131.0,17.6,52.2,23.5,-3.2,100.0
2023-01-25,杭州,70.5,113.4,65.3,43.5,12.1,-3.2,111.0
2023-01-25,成都,28.6,47.6,83.8,25.4,7.0,-3.2,68.0
2023-01-25,武汉,53.2,86.7,71.8,28.8,15.7,-3.2,93.0
2023-01-25,西安,49.6,82.6,55.5,31.2,23.1,-3.2,82.0
2023-01-25,南京,91.2,149.1,52.9,40.9,19.2,-3.2,131.0
2023-01-25,重庆,8.0,13.0,79.9,26.2,16.5,-3.2,42.0
2023-01-26,北京,44.1,73.8,28.3,44.4,12.6,-3.0,64.0
2023-01-26,上海,74.6,119.6,63.3,42.2,17.2,-3.0,115.0
2023-01-26,广州,92.0,144.1,75.9,61.8,14.8,-3.0,141.0
2023-01-26,深圳,109.3,167.2,36.8,26.4,16.8,-3.0,146.0
2023-01-26,杭州,72.1,117.6,82.6,52.3,15.0,-3.0,120.0
2023-01-26,成都,60.8,95.5,85.8,35.0,14.1,-3.0,107.0
2023-01-26,武汉,82.4,136.5,68.0,24.4,15.1,-3.0,126.0
2023-01-26,西安,62.5,104.4,101.9,29.1,14.5,-3.0,116.0
2023-01-26,南京,62.5,97.1,77.3,35.0,14.6,-3.0,106.0
2023-01-26,重庆,,42.9,54.6,38.5,18.6,-3.0,50.0
2023-01-27,北京,76.6,127.7,60.2,44.2,15.3,-2.9,116.0
2023-01-27,上海,91.2,149.3,103.2,35.5,13.0,-2.9,151.0
2023-01-27,广州,55.5,94.8,122.9,49.8,11.3,-2.9,116.0
2023-01-27,深圳,85.8,137.1,69.8,9.4,4.6,-2.9,131.0
2023-01-27,杭州,41.8,78.7,61.1,51.1,15.2,-2.9,75.0
2023-01-27,成都,28.1,51.1,38.2,42.2,13.6,-2.9,49.0
2023-01-27,武汉,,86.3,77.6,32.8,8.3,-2.9,97.0
2023-01-27,西安,114.8,177.9,62.5,30.8,20.4,-2.9,163.0
2023-01-27,南京,42.9,73.7,60.6,32.0,12.6,-2.9,76.0
2023-01-27,重庆,63.4,106.3,87.3,22.8,13.6,-2.9,111.0
2023-01-28,北京,51.3,97.2,70.2,26.3,13.2,-2.7,90.0
2023-01-28,上海,58.6,101.7,95.7,34.7,-0.0,-2.7,109.0
2023-01-28,广州,65.0,111.0,20.2,30.4,14.9,-2.7,86.0
2023-01-28,深圳,61.0,100.1,,30.8,11.7,-2.7,108.0
2023-01-28,杭州,57.0,99.4,91.8,26.1,7.9,-2.7,105.0
2023-01-28,成都,70.2,116.7,37.2,14.4,10.8,-2.7,99.0
2023-01-28,武汉,74.5,125.6,58.8,45.0,14.7,-2.7,113.0
2023-01-28,西安,45.2,74.2,73.5,50.3,2.6,-2.7,84.0
2023-01-28,南京,79.8,125.3,91.4,24.8,12.2,-2.7,132.0
2023-01-28,重庆,59.2,105.2,39.5,27.4,9.3,-2.7,87.0
2023-01-29,北京,38.2,59.1,90.7,43.6,15.3,-2.6,82.0
2023-01-29,上海,,47.4,56.1,37.1,16.7,-2.6,49.0
2023-01-29,广州,57.3,92.6,69.8,24.8,7.7,-2.6,97.0
2023-01-29,深圳,92.1,143.6,43.7,52.1,10.2,-2.6,128.0
2023-01-29,杭州,56.7,85.2,66.2,18.6,12.6,-2.6,95.0
2023-01-29,成都,94.7,152.0,98.5,34.5,7.0,-2.6,153.0
2023-01-29,武汉,58.0,93.5,95.5,56.1,7.9,-2.6,108.0
2023-01-29,西安,64.1,104.2,65.9,36.7,11.2,-2.6,103.0
2023-01-29,南京,116.5,187.8,64.6,45.5,14.0,-2.6,166.0
2023-01-29,重庆,91.8,149.7,61.7,43.8,10.9,-2.6,135.0
2023-01-30,北京,35.3,66.6,47.8,43.8,20.4,-2.4,61.0
2023-01-30,上海,53.7,86.6,57.8,45.8,11.9,-2.4,88.0
2023-01-30,广州,76.6,127.4,68.3,50.2,12.2,-2.4,119.0
2023-01-30,深圳,63.3,107.4,89.4,29.6,5.3,-2.4,112.0
2023-01-30,杭州,88.3,136.5,78.1,56.6,5.2,-2.4,137.0
2023-01-30,成都,30.2,61.6,64.6,41.5,9.0,-2.4,62.0
2023-01-30,武汉,56.4,98.5,34.8,28.1,12.5,-2.4,82.0
2023-01-30,西安,82.5,137.5,59.7,35.6,11.9,-2.4,123.0
2023-01-30,南京,44.0,71.6,73.5,35.7,15.9,-2.4,82.0
2023-01-30,重庆,43.4,72.2,54.5,33.6,12.2,-2.4,74.0
2023-01-31,北京,27.3,52.1,68.9,23.4,8.2,-2.2,60.0
2023-01-31,上海,48.8,85.5,34.5,43.9,11.6,-2.2,72.0
2023-01-31,广州,77.7,132.9,91.2,44.1,1.3,-2.2,130.0
2023-01-31,深圳,34.0,67.0,50.3,41.5,9.4,-2.2,61.0
2023-01-31,杭州,48.9,81.1,24.6,22.5,20.5,-2.2,69.0
2023-01-31,成都,68.2,113.2,53.1,41.7,5.7,-2.2,103.0
2023-01-31,武汉,65.2,113.0,22.6,26.7,11.4,-2.2,87.0
2023-01-31,西安,23.5,43.3,91.8,31.1,16.8,-2.2,65.0
2023-01-31,南京,31.6,57.2,52.2,54.3,16.7,-2.2,59.0
2023-01-31,重庆,48.0,81.9,73.7,37.8,12.8,-2.2,87.0
2023-02-01,北京,75.4,111.8,20.9,24.5,9.3,-2.0,99.0
2023-02-01,上海,49.2,81.3,64.7,44.5,-3.3,-2.0,85.0
2023-02-01,广州,89.6,144.4,79.7,52.2,6.2,-2.0,139.0
2023-02-01,深圳,,150.9,44.3,40.3,-0.0,-2.0,133.0
2023-02-01,杭州,78.9,126.4,86.0,36.4,20.4,-2.0,129.0
2023-02-01,成都,81.4,131.9,68.2,29.2,12.8,-2.0,125.0
2023-02-01,武汉,67.5,120.0,88.9,26.0,9.8,-2.0,117.0
2023-02-01,西安,57.7,103.8,56.7,38.9,13.1,-2.0,92.0
2023-02-01,南京,65.4,111.8,68.5,29.8,7.6,-2.0,106.0
2023-02-01,重庆,49.3,79.8,87.3,18.8,12.7,-2.0,94.0
2023-02-02,北京,26.5,43.4,87.4,54.3,6.3,-1.9,67.0
2023-02-02,上海,71.1,120.3,66.3,38.1,14.8,-1.9,112.0
2023-02-02,广州,79.4,124.3,56.7,39.2,8.5,-1.9,118.0
2023-02-02,深圳,74.1,118.3,85.0,45.5,4.8,-1.9,123.0
2023-02-02,杭州,64.7,105.5,71.7,18.9,21.8,-1.9,106.0
2023-02-02,成都,74.0,118.9,83.4,48.5,10.0,-1.9,122.0
2023-02-02,武汉,91.6,152.4,85.8,31.1,9.6,-1.9,144.0
2023-02-02,西安,58.7,101.8,53.3,29.9,16.9,-1.9,92.0
2023-02-02,南京,62.9,100.3,70.8,47.3,1.9,-1.9,104.0
2023-02-02,重庆,68.5,113.9,101.2,18.5,21.6,-1.9,123.0
2023-02-03,北京,104.4,168.0,55.8,37.8,15.0,-1.7,148.0
2023-02-03,上海,59.0,101.7,30.9,28.1,15.3,-1.7,83.0
2023-02-03,广州,67.2,108.7,62.0,43.2,11.9,-1.7,105.0
2023-02-03,深圳,61.8,96.4,50.2,13.1,19.8,-1.7,94.0
2023-02-03,杭州,80.1,127.0,61.4,42.4,18.3,-1.7,121.0
2023-02-03,成都,73.1,105.3,96.3,26.8,9.2,-1.7,126.0
2023-02-03,武汉,76.1,123.8,81.1,43.7,12.9,-1.7,124.0
2023-02-03,西安,56.3,92.4,90.7,30.1,11.4,-1.7,104.0
2023-02-03,南京,77.5,122.1,60.9,36.3,13.7,-1.7,117.0
2023-02-03,重庆,35.5,73.3,71.2,25.8,9.4,-1.7,71.0
2023-02-04,北京,40.6,66.6,53.3,45.2,11.5,-1.5,70.0
2023-02-04,上海,43.5,69.8,65.0,30.1,19.2,-1.5,78.0
2023-02-04,广州,71.8,123.3,70.1,40.9,8.9,-1.5,114.0
2023-02-04,深圳,89.1,149.6,56.6,21.4,12.6,-1.5,130.0
2023-02-04,杭州,76.4,131.5,67.8,38.7,15.3,-1.5,119.0
2023-02-04,成都,82.7,136.4,73.6,31.0,15.0,-1.5,129.0
2023-02-04,武汉,36.2,64.0,59.6,40.3,12.3,-1.5,67.0
2023-02-04,西安,110.1,174.1,73.7,50.3,1.3,-1.5,162.0
2023-02-04,南京,89.5,143.2,63.8,42.5,17.9,-1.5,133.0
2023-02-04,重庆,56.8,92.6,68.4,21.8,18.7,-1.5,96.0
2023-02-05,北京,59.6,98.2,77.5,48.7,16.4,-1.3,103.0
2023-02-05,上海,51.6,91.5,40.1,17.2,13.6,-1.3,78.0
2023-02-05,广州,59.0,103.6,60.0,25.6,13.5,-1.3,95.0
2023-02-05,深圳,94.2,158.1,71.0,43.9,9.2,-1.3,141.0
2023-02-05,杭州,69.3,114.9,81.9,30.0,20.6,-1.3,116.0
2023-02-05,成都,71.1,112.2,56.6,42.5,17.2,-1.3,108.0
2023-02-05,武汉,79.7,124.7,53.0,29.2,7.0,-1.3,117.0
2023-02-05,西安,58.2,106.6,72.0,15.9,15.3,-1.3,99.0
2023-02-05,南京,97.1,156.6,48.9,52.9,16.2,-1.3,136.0
2023-02-05,重庆,57.7,91.2,89.5,33.9,24.4,-1.3,105.0
2023-02-06,北京,64.6,109.8,98.2,39.5,9.1,-1.1,117.0
2023-02-06,上海,41.1,71.3,62.8,44.9,12.7,-1.1,74.0
2023-02-06,广州,4.0,10.4,56.5,34.1,11.7,-1.1,27.0
2023-02-06,深圳,37.8,74.8,105.6,4.1,16.1,-1.1,88.0
2023-02-06,杭州,60.2,100.9,65.5,50.0,9.6,-1.1,98.0
2023-02-06,成都,,141.7,56.3,29.6,8.0,-1.1,124.0
2023-02-06,武汉,46.0,78.1,111.7,43.8,14.6,-1.1,100.0
2023-02-06,西安,58.6,93.7,75.9,45.1,17.3,-1.1,101.0
2023-02-06,南京,98.0,152.2,60.4,53.0,15.3,-1.1,142.0
2023-02-06,重庆,18.2,39.9,69.4,24.1,18.2,-1.1,50.0
2023-02-07,北京,106.3,166.4,49.4,46.1,16.2,-0.9,147.0
2023-02-07,上海,80.7,135.7,28.7,45.9,14.8,-0.9,108.0
2023-02-07,广州,102.9,171.0,22.1,14.1,9.5,-0.9,132.0
2023-02-07,深圳,,122.1,50.7,27.9,20.6,-0.9,113.0
2023-02-07,杭州,80.4,130.5,77.7,12.1,12.2,-0.9,128.0
2023-02-07,成都,60.7,102.9,71.9,40.8,5.5,-0.9,102.0
2023-02-07,武汉,69.4,121.6,82.3,27.5,8.5,-0.9,116.0
2023-02-07,西安,74.9,124.5,92.2,23.9,5.8,-0.9,127.0
2023-02-07,南京,42.3,73.7,59.4,12.8,12.2,-0.9,75.0
2023-02-07,重庆,74.2,127.8,47.9,41.4,8.0,-0.9,108.0
2023-02-08,北京,45.2,76.5,65.9,49.8,10.2,-0.7,81.0
2023-02-08,上海,61.0,110.9,44.0,39.2,17.8,-0.7,91.0
2023-02-08,广州,71.7,117.5,75.0,32.8,2.5,-0.7,116.0
2023-02-08,深圳,58.3,100.6,49.5,18.8,7.8,-0.7,90.0
2023-02-08,杭州,,119.5,64.5,16.3,18.9,-0.7,120.0
2023-02-08,成都,37.2,68.6,70.5,4.2,12.6,-0.7,73.0
2023-02-08,武汉,78.3,132.4,52.4,41.4,16.9,-0.7,115.0
2023-02-08,西安,55.2,95.4,54.4,32.7,4.9,-0.7,88.0
2023-02-08,南京,59.0,100.4,49.7,32.8,7.3,-0.7,91.0
2023-02-08,重庆,29.3,51.8,70.5,36.1,15.1,-0.7,63.0
2023-02-09,北京,81.8,140.4,74.3,47.3,3.0,-0.4,128.0
2023-02-09,上海,41.0,68.3,64.4,15.1,14.8,-0.4,75.0
2023-02-09,广州,107.4,180.6,32.9,54.6,7.0,-0.4,142.0
2023-02-09,深圳,54.4,82.5,71.8,28.7,17.6,-0.4,94.0
2023-02-09,杭州,64.6,116.1,90.1,32.6,16.2,-0.4,114.0
2023-02-09,成都,55.0,95.9,58.7,34.9,20.1,-0.4,89.0
2023-02-09,武汉,19.4,37.2,88.5,46.6,12.1,-0.4,59.0
2023-02-09,西安,14.7,37.7,53.3,34.9,15.9,-0.4,39.0
2023-02-09,南京,42.2,77.4,44.7,40.2,16.6,-0.4,69.0
2023-02-09,重庆,,105.8,71.9,56.8,19.1,-0.4,110.0
2023-02-10,北京,109.3,168.7,50.2,20.3,12.9,-0.2,151.0
2023-02-10,上海,107.6,169.6,,40.8,8.7,-0.2,160.0
2023-02-10,广州,52.7,85.3,57.9,58.1,17.7,-0.2,86.0
2023-02-10,深圳,75.6,123.7,45.3,22.9,14.8,-0.2,109.0
2023-02-10,杭州,85.3,137.8,89.1,16.8,9.2,-0.2,138.0
2023-02-10,成都,95.7,149.4,67.0,33.3,10.8,-0.2,142.0
2023-02-10,武汉,77.6,121.5,47.2,20.4,13.9,-0.2,112.0
2023-02-10,西安,18.1,22.9,39.1,44.1,13.9,-0.2,37.0
2023-02-10,南京,71.7,124.8,54.4,42.0,10.9,-0.2,108.0
2023-02-10,重庆,88.0,137.5,52.3,38.6,9.4,-0.2,127.0
2023-02-11,北京,47.1,88.6,77.6,43.9,11.1,0.0,88.0
2023-02-11,上海,97.3,154.3,51.5,41.0,23.2,0.0,137.0
2023-02-11,广州,104.5,167.8,98.3,25.3,8.6,0.0,165.0
2023-02-11,深圳,68.3,106.5,67.9,44.1,3.5,0.0,109.0
2023-02-11,杭州,,107.1,74.7,15.7,0.4,0.0,110.0
2023-02-11,成都,106.2,167.2,71.4,31.0,17.8,0.0,156.0
2023-02-11,武汉,51.0,83.8,40.7,32.2,11.9,0.0,77.0
2023-02-11,西安,91.6,147.9,61.8,46.9,14.7,0.0,135.0
2023-02-11,南京,53.8,94.4,63.9,33.4,15.2,0.0,90.0
2023-02-11,重庆,62.3,104.9,54.6,44.2,9.1,0.0,97.0
2023-02-12,北京,99.1,160.5,35.9,39.1,12.5,0.2,133.0
2023-02-12,上海,75.9,128.4,63.0,32.1,12.4,0.2,116.0
2023-02-12,广州,97.3,162.0,57.7,44.1,19.1,0.2,140.0
2023-02-12,深圳,117.9,187.4,63.9,37.1,11.7,0.2,167.0
2023-02-12,杭州,70.3,116.7,78.0,38.9,12.3,0.2,116.0
2023-02-12,成都,,45.6,28.5,31.8,10.3,0.2,46.0
2023-02-12,武汉,63.5,108.9,52.5,40.7,7.1,0.2,97.0
2023-02-12,西安,81.7,136.4,37.5,55.1,23.7,0.2,113.0
2023-02-12,南京,77.8,134.1,86.9,55.4,7.1,0.2,128.0
2023-02-12,重庆,76.1,130.1,55.1,60.1,13.5,0.2,113.0
2023-02-13,北京,75.5,127.2,99.5,50.5,14.6,0.5,130.0
2023-02-13,上海,97.0,162.8,66.8,38.5,17.6,0.5,143.0
2023-02-13,广州,70.5,123.2,51.1,42.8,14.9,0.5,105.0
2023-02-13,深圳,76.8,125.6,35.9,44.0,10.9,0.5,107.0
2023-02-13,杭州,31.6,58.1,27.6,42.3,0.4,0.5,49.0
2023-02-13,成都,77.1,125.3,51.4,13.9,11.9,0.5,113.0
2023-02-13,武汉,45.3,72.0,25.3,27.7,15.1,0.5,64.0
2023-02-13,西安,72.8,114.9,90.1,52.8,16.5,0.5,123.0
2023-02-13,南京,70.7,111.7,93.3,39.7,6.6,0.5,122.0
2023-02-13,重庆,91.0,151.5,78.3,38.8,12.7,0.5,141.0
2023-02-14,北京,44.5,78.0,61.0,-3.4,6.2,0.7,78.0
2023-02-14,上海,85.6,131.8,89.9,26.3,13.4,0.7,139.0
2023-02-14,广州,66.1,115.5,53.7,18.6,11.8,0.7,101.0
2023-02-14,深圳,86.0,134.5,62.5,28.9,6.9,0.7,128.0
2023-02-14,杭州,54.4,91.1,35.2,50.4,7.3,0.7,79.0
2023-02-14,成都,37.0,75.0,79.4,30.0,18.0,0.7,76.0
2023-02-14,武汉,102.3,158.5,94.7,44.4,22.9,0.7,161.0
2023-02-14,西安,41.6,71.0,50.6,20.6,23.8,0.7,70.0
2023-02-14,南京,69.3,110.0,25.5,27.0,15.5,0.7,93.0
2023-02-14,重庆,9.2,25.7,115.3,44.5,10.7,0.7,57.0
2023-02-15,北京,18.1,44.2,81.4,41.5,11.7,0.9,54.0
2023-02-15,上海,44.1,75.6,72.9,8.5,13.4,0.9,82.0
2023-02-15,广州,75.0,126.3,71.7,33.7,18.7,0.9,119.0
2023-02-15,深圳,81.0,129.2,55.1,40.6,18.8,0.9,119.0
2023-02-15,杭州,26.1,56.6,74.0,41.9,2.6,0.9,61.0
2023-02-15,成都,80.0,127.0,58.1,45.5,3.7,0.9,119.0
2023-02-15,武汉,93.5,159.2,69.6,26.0,8.1,0.9,140.0
2023-02-15,西安,90.6,143.2,84.4,18.6,16.4,0.9,142.0
2023-02-15,南京,59.8,99.0,57.7,27.3,14.0,0.9,95.0
2023-02-15,重庆,70.1,117.5,83.3,31.4,13.1,0.9,117.0
2023-02-16,北京,74.1,107.1,56.5,35.0,7.8,1.2,112.0
2023-02-16,上海,34.0,59.2,57.6,39.4,8.5,1.2,64.0
2023-02-16,广州,64.2,100.7,20.3,52.8,2.0,1.2,85.0
2023-02-16,深圳,68.1,98.5,58.5,25.2,11.2,1.2,105.0
2023-02-16,杭州,76.6,133.2,61.3,40.1,15.9,1.2,116.0
2023-02-16,成都,,116.4,48.7,19.6,12.7,1.2,100.0
2023-02-16,武汉,63.3,114.8,52.7,37.3,0.4,1.2,97.0
2023-02-16,西安,-8.2,-8.7,92.8,45.0,14.9,1.2,27.0
2023-02-16,南京,77.5,120.2,81.9,29.0,6.5,1.2,126.0
2023-02-16,重庆,71.4,125.5,58.9,25.1,11.5,1.2,109.0
2023-02-17,北京,120.1,184.5,89.7,32.9,12.6,1.4,180.0
2023-02-17,上海,26.7,45.4,74.0,17.6,-0.6,1.4,62.0
2023-02-17,广州,115.3,191.6,81.0,41.6,11.0,1.4,171.0
2023-02-17,深圳,74.2,123.0,26.8,37.8,13.7,1.4,100.0
2023-02-17,杭州,69.2,106.1,68.9,50.4,18.7,1.4,111.0
2023-02-17,成都,58.6,87.8,71.6,39.1,1.1,1.4,99.0
2023-02-17,武汉,47.1,86.7,89.0,47.8,10.0,1.4,92.0
2023-02-17,西安,65.7,98.8,84.7,45.9,7.1,1.4,113.0
2023-02-17,南京,57.0,93.9,48.5,35.6,18.1,1.4,88.0
2023-02-17,重庆,95.6,156.4,69.7,12.1,9.7,1.4,143.0
2023-02-18,北京,84.0,135.4,49.5,37.3,6.3,1.7,121.0
2023-02-18,上海,61.6,111.4,54.9,56.0,2.6,1.7,96.0
2023-02-18,广州,,114.2,75.2,9.0,12.0,1.7,110.0
2023-02-18,深圳,91.2,150.4,68.1,27.7,12.9,1.7,137.0
2023-02-18,杭州,55.3,94.9,63.0,19.2,9.9,1.7,92.0
2023-02-18,成都,-1.0,5.4,69.9,53.0,10.4,1.7,27.0
2023-02-18,武汉,,109.5,94.8,47.9,12.5,1.7,109.0
2023-02-18,西安,79.0,121.5,48.5,24.9,11.2,1.7,114.0
2023-02-18,南京,75.6,121.3,41.5,16.9,17.7,1.7,107.0
2023-02-18,重庆,44.2,74.9,80.5,49.1,23.7,1.7,85.0
2023-02-19,北京,80.4,124.9,24.2,51.2,27.3,2.0,106.0
2023-02-19,上海,63.2,101.3,72.3,51.3,5.1,2.0,105.0
2023-02-19,广州,,174.7,84.9,33.0,11.9,2.0,168.0
2023-02-19,深圳,68.5,123.3,96.4,27.5,13.6,2.0,121.0
2023-02-19,杭州,86.6,140.6,,31.9,15.6,2.0,126.0
2023-02-19,成都,69.4,115.7,54.1,29.7,7.5,2.0,105.0
2023-02-19,武汉,66.5,113.3,56.1,34.8,17.7,2.0,102.0
2023-02-19,西安,45.0,75.5,81.1,51.0,2.9,2.0,86.0
2023-02-19,南京,53.5,83.7,83.7,36.6,8.4,2.0,98.0
2023-02-19,重庆,58.8,100.0,65.7,26.4,23.8,2.0,97.0
2023-02-20,北京,35.6,66.2,85.1,47.0,15.2,2.2,77.0
2023-02-20,上海,109.3,175.9,78.9,21.4,10.0,2.2,163.0
2023-02-20,广州,49.2,84.4,76.9,33.3,15.7,2.2,90.0
2023-02-20,深圳,68.4,112.5,38.3,42.4,9.3,2.2,97.0
2023-02-20,杭州,,119.4,68.6,36.9,8.9,2.2,109.0
2023-02-20,成都,,82.6,77.5,45.0,11.8,2.2,89.0
2023-02-20,武汉,46.1,80.5,41.8,38.7,17.3,2.2,72.0
2023-02-20,西安,49.4,88.4,51.5,31.2,9.5,2.2,80.0
2023-02-20,南京,41.3,69.3,50.0,36.5,17.9,2.2,70.0
2023-02-20,重庆,77.0,128.8,95.3,35.0,9.9,2.2,131.0
2023-02-21,北京,80.0,127.2,68.6,35.8,13.4,2.5,123.0
2023-02-21,上海,91.8,143.4,72.5,46.0,11.5,2.5,139.0
2023-02-21,广州,62.5,111.0,70.6,31.7,5.2,2.5,103.0
2023-02-21,深圳,63.8,111.5,61.0,19.0,2.3,2.5,101.0
2023-02-21,杭州,33.3,65.8,71.1,36.7,15.8,2.5,68.0
2023-02-21,成都,31.5,48.5,65.2,22.2,9.9,2.5,64.0
2023-02-21,武汉,52.1,85.8,86.5,32.0,-2.7,2.5,97.0
2023-02-21,西安,11.8,32.2,46.7,23.6,4.4,2.5,33.0
2023-02-21,南京,61.9,101.3,64.8,40.4,9.1,2.5,100.0
2023-02-21,重庆,96.4,143.0,71.4,29.2,7.6,2.5,144.0
2023-02-22,北京,35.4,60.0,52.2,43.4,19.3,2.8,63.0
2023-02-22,上海,74.5,123.1,74.1,31.7,12.0,2.8,119.0
2023-02-22,广州,86.0,137.6,62.6,41.7,10.7,2.8,128.0
2023-02-22,深圳,51.2,87.5,54.3,26.4,5.9,2.8,83.0
2023-02-22,杭州,93.5,155.0,58.0,41.3,11.3,2.8,135.0
2023-02-22,成都,83.2,131.4,72.5,34.5,12.4,2.8,129.0
2023-02-22,武汉,35.2,69.1,55.4,44.9,7.5,2.8,64.0
2023-02-22,西安,86.2,131.3,52.7,48.9,-0.7,2.8,125.0
2023-02-22,南京,66.5,112.6,72.5,23.9,-0.2,2.8,109.0
2023-02-22,重庆,68.7,118.7,47.9,51.5,17.4,2.8,102.0
2023-02-23,北京,21.9,44.7,80.9,34.8,11.9,3.0,59.0
2023-02-23,上海,70.4,115.9,77.6,52.9,17.1,3.0,116.0
2023-02-23,广州,69.0,115.4,59.3,51.1,10.5,3.0,107.0
2023-02-23,深圳,50.1,81.9,90.8,50.3,12.1,3.0,96.0
2023-02-23,杭州,122.7,193.0,32.8,27.6,13.7,3.0,160.0
2023-02-23,成都,114.0,171.5,80.1,45.8,13.9,3.0,169.0
2023-02-23,武汉,92.1,152.7,,53.1,15.3,3.0,136.0
2023-02-23,西安,85.7,132.1,71.5,41.8,14.2,3.0,131.0
2023-02-23,南京,76.5,120.6,69.4,30.9,18.4,3.0,120.0
2023-02-23,重庆,71.2,116.0,74.3,21.9,15.8,3.0,115.0
2023-02-24,北京,124.2,190.9,20.3,40.2,16.2,3.3,157.0
2023-02-24,上海,74.0,127.7,58.0,31.6,9.7,3.3,112.0
2023-02-24,广州,47.2,78.6,66.1,27.2,10.3,3.3,83.0
2023-02-24,深圳,80.5,135.2,58.0,32.1,14.3,3.3,120.0
2023-02-24,杭州,28.7,46.3,102.3,45.8,10.6,3.3,75.0
2023-02-24,成都,73.4,115.0,23.3,39.5,9.1,3.3,97.0
2023-02-24,武汉,34.0,65.9,29.4,30.8,16.7,3.3,53.0
2023-02-24,西安,87.5,136.3,68.0,40.3,12.4,3.3,132.0
2023-02-24,南京,17.7,37.0,82.0,15.1,19.1,3.3,54.0
2023-02-24,重庆,55.3,84.7,62.7,35.9,14.5,3.3,91.0
2023-02-25,北京,151.0,241.5,81.2,29.1,12.1,3.6,214.0
2023-02-25,上海,89.6,145.3,31.3,36.4,18.0,3.6,120.0
2023-02-25,广州,62.9,109.6,79.2,36.3,9.6,3.6,107.0
2023-02-25,深圳,24.7,44.7,83.2,20.4,4.7,3.6,63.0
2023-02-25,杭州,44.2,74.1,50.1,31.1,8.6,3.6,73.0
2023-02-25,成都,72.8,111.8,90.4,34.4,13.5,3.6,124.0
2023-02-25,武汉,75.6,125.9,86.0,29.7,3.2,3.6,125.0
2023-02-25,西安,50.5,85.9,92.7,38.8,5.6,3.6,98.0
2023-02-25,南京,68.4,116.0,66.8,53.4,1.3,3.6,109.0
2023-02-25,重庆,39.9,77.4,86.9,29.7,6.3,3.6,83.0
2023-02-26,北京,84.9,128.0,41.7,20.3,19.6,3.9,119.0
2023-02-26,上海,46.9,80.2,34.4,21.8,8.3,3.9,70.0
2023-02-26,广州,65.1,113.0,63.9,51.7,13.5,3.9,104.0
2023-02-26,深圳,75.5,120.0,94.4,30.9,14.6,3.9,128.0
2023-02-26,杭州,98.7,160.7,58.0,29.2,9.3,3.9,142.0
2023-02-26,成都,31.5,57.9,56.9,19.9,13.4,3.9,61.0
2023-02-26,武汉,54.7,94.4,88.1,47.0,8.9,3.9,101.0
2023-02-26,西安,54.1,88.6,78.4,25.3,14.0,3.9,96.0
2023-02-26,南京,35.1,59.9,76.2,37.2,14.8,3.9,73.0
2023-02-26,重庆,63.6,102.5,76.1,39.4,12.7,3.9,107.0
2023-02-27,北京,52.8,89.0,63.8,27.7,11.3,4.2,89.0
2023-02-27,上海,110.5,183.4,52.9,38.0,18.4,4.2,154.0
2023-02-27,广州,94.7,148.7,47.2,28.4,12.4,4.2,133.0
2023-02-27,深圳,55.1,84.3,43.5,29.1,9.0,4.2,84.0
2023-02-27,杭州,60.7,101.4,71.9,35.3,6.3,4.2,102.0
2023-02-27,成都,57.5,85.7,102.2,52.1,13.4,4.2,110.0
2023-02-27,武汉,104.7,169.1,73.2,33.8,9.4,4.2,155.0
2023-02-27,西安,76.2,128.2,86.9,47.1,11.8,4.2,126.0
2023-02-27,南京,127.9,202.6,50.8,50.3,16.5,4.2,174.0
2023-02-27,重庆,95.7,158.9,88.2,42.0,12.2,4.2,150.0
2023-02-28,北京,27.0,53.8,-4.7,30.9,26.1,4.5,31.0
2023-02-28,上海,78.6,127.7,42.8,26.2,9.0,4.5,111.0
2023-02-28,广州,105.4,165.9,65.0,31.7,17.1,4.5,152.0
2023-02-28,深圳,108.8,172.0,66.8,22.3,13.4,4.5,157.0
2023-02-28,杭州,106.7,174.3,57.2,52.0,13.3,4.5,151.0
2023-02-28,成都,54.6,80.3,39.1,29.9,12.9,4.5,81.0
2023-02-28,武汉,70.6,116.7,84.6,47.4,15.6,4.5,119.0
2023-02-28,西安,,149.7,116.2,46.7,8.5,4.5,163.0
2023-02-28,南京,70.3,115.6,22.4,45.6,8.7,4.5,93.0
2023-02-28,重庆,65.2,115.2,52.8,42.7,16.0,4.5,99.0
2023-03-01,北京,63.1,104.7,41.2,33.0,12.8,4.8,92.0
2023-03-01,上海,77.4,124.3,77.1,15.8,4.8,4.8,124.0
2023-03-01,广州,70.9,122.6,68.1,25.3,20.2,4.8,112.0
2023-03-01,深圳,85.9,136.2,63.5,37.3,21.8,4.8,128.0
2023-03-01,杭州,77.1,125.4,81.9,27.7,16.5,4.8,125.0
2023-03-01,成都,56.1,98.9,44.1,33.0,4.7,4.8,85.0
2023-03-01,武汉,,93.6,54.7,34.4,14.9,4.8,91.0
2023-03-01,西安,74.5,123.7,29.6,46.7,12.6,4.8,101.0
2023-03-01,南京,43.1,69.4,,53.9,15.7,4.8,77.0
2023-03-01,重庆,40.7,63.6,62.2,40.6,19.2,4.8,74.0
2023-03-02,北京,16.5,36.2,88.7,48.5,9.8,5.0,55.0
2023-03-02,上海,73.0,118.0,64.8,21.0,7.6,5.0,114.0
2023-03-02,广州,97.0,151.4,53.9,37.1,15.8,5.0,138.0
2023-03-02,深圳,82.8,139.7,84.7,53.1,15.8,5.0,133.0
2023-03-02,杭州,44.7,75.9,62.8,48.9,6.3,5.0,79.0
2023-03-02,成都,79.5,119.4,32.2,36.7,7.5,5.0,108.0
2023-03-02,武汉,88.8,143.6,62.5,36.9,15.5,5.0,132.0
2023-03-02,西安,55.0,90.8,87.8,36.3,20.5,5.0,101.0
2023-03-02,南京,63.5,108.8,82.2,19.7,12.3,5.0,109.0
2023-03-02,重庆,44.5,74.6,59.2,13.9,4.7,5.0,77.0
2023-03-03,北京,48.8,77.7,58.3,52.7,19.8,5.3,82.0
2023-03-03,上海,,134.9,62.8,30.1,7.3,5.3,121.0
2023-03-03,广州,72.4,120.5,72.1,53.4,12.9,5.3,116.0
2023-03-03,深圳,36.5,50.4,101.6,69.6,13.7,5.3,84.0
2023-03-03,杭州,48.8,89.6,85.2,27.4,8.4,5.3,93.0
2023-03-03,成都,33.0,61.0,68.1,48.4,9.7,5.3,67.0
2023-03-03,武汉,60.7,96.0,86.1,37.0,9.4,5.3,107.0
2023-03-03,西安,80.2,119.5,81.2,26.0,-0.3,5.3,129.0
2023-03-03,南京,117.4,180.2,62.8,29.0,27.3,5.3,166.0
2023-03-03,重庆,110.8,175.3,57.0,28.3,11.8,5.3,156.0
2023-03-04,北京,49.8,84.4,50.9,25.5,8.8,5.7,80.0
2023-03-04,上海,126.9,210.7,56.4,23.2,7.1,5.7,175.0
2023-03-04,广州,99.5,155.9,74.4,24.8,15.1,5.7,149.0
2023-03-04,深圳,83.7,132.5,51.5,42.8,4.3,5.7,121.0
2023-03-04,杭州,64.1,110.3,38.7,31.2,17.8,5.7,92.0
2023-03-04,成都,93.0,149.2,94.5,39.4,5.1,5.7,149.0
2023-03-04,武汉,87.7,136.5,63.5,3.9,7.1,5.7,131.0
2023-03-04,西安,47.5,73.1,59.5,32.1,15.0,5.7,81.0
2023-03-04,南京,65.3,107.3,103.9,43.4,9.3,5.7,120.0
2023-03-04,重庆,46.8,78.0,78.9,31.0,13.8,5.7,88.0
2023-03-05,北京,54.3,95.4,85.5,37.5,10.6,6.0,99.0
2023-03-05,上海,112.2,184.7,56.0,48.7,8.6,6.0,157.0
2023-03-05,广州,86.9,139.2,83.2,59.8,9.3,6.0,138.0
2023-03-05,深圳,72.2,118.2,90.5,36.4,8.5,6.0,123.0
2023-03-05,杭州,,100.7,57.9,51.4,10.7,6.0,97.0
2023-03-05,成都,95.0,163.9,88.7,38.2,9.3,6.0,149.0
2023-03-05,武汉,72.9,117.1,40.6,44.0,19.8,6.0,104.0
2023-03-05,西安,95.4,149.9,53.9,28.1,14.0,6.0,136.0
2023-03-05,南京,76.0,127.7,87.0,42.6,10.0,6.0,126.0
2023-03-05,重庆,72.0,116.1,76.3,19.0,11.6,6.0,117.0
2023-03-06,北京,42.0,67.6,58.4,31.1,12.0,6.3,74.0
2023-03-06,上海,-4.2,-3.7,52.7,35.7,3.8,6.3,16.0
2023-03-06,广州,112.9,179.3,70.8,7.6,9.4,6.3,164.0
2023-03-06,深圳,54.3,92.0,63.4,22.8,0.9,6.3,91.0
2023-03-06,杭州,63.4,111.2,88.1,45.3,12.5,6.3,111.0
2023-03-06,成都,63.9,108.9,59.9,35.0,2.5,6.3,101.0
2023-03-06,武汉,0.7,19.3,57.5,45.5,13.3,6.3,24.0
2023-03-06,西安,57.6,93.3,75.5,29.7,-0.8,6.3,99.0
2023-03-06,南京,78.3,129.3,67.3,42.1,20.7,6.3,121.0
2023-03-06,重庆,74.9,128.2,46.8,45.6,6.6,6.3,109.0
2023-03-07,北京,67.0,109.1,94.5,53.7,19.8,6.6,118.0
2023-03-07,上海,22.1,37.9,78.8,29.9,9.9,6.6,58.0
2023-03-07,广州,68.5,108.0,,30.1,20.5,6.6,102.0
2023-03-07,深圳,102.3,168.0,92.5,32.3,7.0,6.6,160.0
2023-03-07,杭州,113.8,185.6,43.3,26.8,6.2,6.6,154.0
2023-03-07,成都,71.0,110.1,74.5,51.4,11.4,6.6,115.0
2023-03-07,武汉,60.0,104.2,69.5,23.5,10.0,6.6,100.0
2023-03-07,西安,,114.8,29.3,32.8,16.2,6.6,96.0
2023-03-07,南京,59.5,95.4,59.4,35.5,6.7,6.6,95.0
2023-03-07,重庆,27.8,52.4,59.8,43.5,11.6,6.6,57.0
2023-03-08,北京,51.8,86.4,88.5,50.8,14.6,6.9,98.0
2023-03-08,上海,57.8,108.6,54.3,33.9,11.2,6.9,91.0
2023-03-08,广州,112.3,177.2,101.0,55.6,20.0,6.9,175.0
2023-03-08,深圳,103.2,158.7,66.8,45.2,11.0,6.9,151.0
2023-03-08,杭州,84.6,131.9,42.1,24.1,9.9,6.9,118.0
2023-03-08,成都,81.0,130.0,47.1,47.4,15.1,6.9,116.0
2023-03-08,武汉,,52.0,30.9,32.0,18.8,6.9,50.0
2023-03-08,西安,57.3,101.4,,30.9,15.9,6.9,106.0
2023-03-08,南京,126.6,197.4,60.5,29.7,5.8,6.9,176.0
2023-03-08,重庆,64.6,95.6,63.1,32.4,22.4,6.9,103.0
2023-03-09,北京,77.4,133.3,61.4,44.3,12.1,7.2,117.0
2023-03-09,上海,57.7,98.8,63.7,43.7,11.9,7.2,95.0
2023-03-09,广州,56.3,92.6,58.4,29.8,7.5,7.2,91.0
2023-03-09,深圳,110.1,165.5,86.2,15.6,14.5,7.2,167.0
2023-03-09,杭州,28.0,45.8,52.5,25.7,14.7,7.2,55.0
2023-03-09,成都,111.7,174.7,22.2,38.9,11.7,7.2,143.0
2023-03-09,武汉,77.8,126.6,85.2,29.8,17.6,7.2,127.0
2023-03-09,西安,21.7,51.2,58.8,19.7,12.6,7.2,50.0
2023-03-09,南京,31.4,63.3,69.4,24.4,14.2,7.2,65.0
2023-03-09,重庆,57.2,100.0,55.2,50.4,9.5,7.2,91.0
2023-03-10,北京,,136.5,86.3,26.7,11.8,7.5,138.0
2023-03-10,上海,71.7,122.3,106.3,54.5,12.3,7.5,129.0
2023-03-10,广州,42.1,73.0,49.4,28.3,3.5,7.5,70.0
2023-03-10,深圳,84.2,133.9,23.9,42.4,10.7,7.5,111.0
2023-03-10,杭州,96.2,154.3,52.0,34.7,5.2,7.5,136.0
2023-03-10,成都,82.6,130.4,71.6,33.4,11.5,7.5,128.0
2023-03-10,武汉,63.5,108.7,49.5,50.3,21.6,7.5,96.0
2023-03-10,西安,54.4,88.6,47.0,69.8,20.7,7.5,84.0
2023-03-10,南京,51.0,82.9,61.9,29.1,10.0,7.5,86.0
2023-03-10,重庆,25.6,46.0,65.6,41.7,15.8,7.5,57.0
2023-03-11,北京,82.9,127.3,48.4,17.9,14.3,7.8,119.0
2023-03-11,上海,118.5,184.6,,38.6,14.4,7.8,178.0
2023-03-11,广州,56.1,93.1,74.2,31.0,12.9,7.8,97.0
2023-03-11,深圳,85.9,140.2,87.0,49.8,7.2,7.8,138.0
2023-03-11,杭州,89.3,143.5,73.1,22.4,14.5,7.8,136.0
2023-03-11,成都,94.3,154.9,85.8,47.4,7.8,7.8,147.0
2023-03-11,武汉,78.6,131.2,38.5,52.8,15.9,7.8,110.0
2023-03-11,西安,39.5,61.6,51.1,21.7,-0.5,7.8,68.0
2023-03-11,南京,48.0,87.5,49.2,42.3,4.4,7.8,77.0
2023-03-11,重庆,41.0,71.0,51.5,30.3,14.9,7.8,70.0
2023-03-12,北京,72.3,112.6,44.9,11.1,20.1,8.2,105.0
2023-03-12,上海,119.3,188.3,65.5,54.2,17.7,8.2,169.0
2023-03-12,广州,47.2,84.2,50.7,21.3,-1.4,8.2,77.0
2023-03-12,深圳,60.8,107.7,50.3,12.6,-1.5,8.2,93.0
2023-03-12,杭州,65.2,108.5,67.9,26.1,1.9,8.2,105.0
2023-03-12,成都,43.3,74.2,58.9,40.5,12.6,8.2,76.0
2023-03-12,武汉,85.8,132.3,101.4,30.0,15.0,8.2,144.0
2023-03-12,西安,96.8,153.2,79.4,30.8,12.2,8.2,148.0
2023-03-12,南京,46.0,82.7,84.1,26.7,10.3,8.2,89.0
2023-03-12,重庆,83.2,130.2,31.9,16.1,9.7,8.2,113.0
2023-03-13,北京,92.5,147.0,68.0,37.4,13.1,8.5,138.0
2023-03-13,上海,88.2,141.3,48.4,8.3,15.8,8.5,125.0
2023-03-13,广州,67.6,106.3,,22.4,9.4,8.5,97.0
2023-03-13,深圳,19.9,35.6,66.6,17.8,19.4,8.5,51.0
2023-03-13,杭州,41.2,84.7,27.0,24.8,11.8,8.5,60.0
2023-03-13,成都,96.7,156.1,12.9,20.8,10.1,8.5,121.0
2023-03-13,武汉,57.4,95.2,58.8,30.2,15.5,8.5,92.0
2023-03-13,西安,68.7,113.9,53.1,25.9,11.8,8.5,104.0
2023-03-13,南京,14.5,30.3,41.6,38.1,18.1,8.5,34.0
2023-03-13,重庆,85.2,144.1,43.0,23.9,7.4,8.5,119.0
2023-03-14,北京,59.9,99.7,71.4,13.0,10.0,8.8,100.0
2023-03-14,上海,124.6,195.0,69.7,29.0,13.5,8.8,177.0
2023-03-14,广州,66.6,105.5,70.4,41.9,8.4,8.8,108.0
2023-03-14,深圳,77.7,129.6,67.2,49.4,12.5,8.8,120.0
2023-03-14,杭州,64.5,113.8,45.9,45.4,22.2,8.8,96.0
2023-03-14,成都,98.9,162.7,73.9,40.4,2.6,8.8,148.0
2023-03-14,武汉,55.0,96.3,51.8,40.1,13.5,8.8,87.0
2023-03-14,西安,60.2,98.4,43.7,5.3,20.8,8.8,90.0
2023-03-14,南京,53.6,82.5,32.5,35.4,9.0,8.8,77.0
2023-03-14,重庆,125.8,206.8,82.5,62.8,7.2,8.8,184.0
2023-03-15,北京,53.7,99.4,70.7,47.2,17.0,9.1,93.0
2023-03-15,上海,74.4,122.6,52.0,18.1,11.2,9.1,110.0
2023-03-15,广州,97.7,161.3,73.4,25.3,18.0,9.1,147.0
2023-03-15,深圳,55.5,94.8,58.3,31.1,22.5,9.1,90.0
2023-03-15,杭州,,149.5,69.4,43.9,2.2,9.1,140.0
2023-03-15,成都,74.6,135.7,49.6,55.5,8.6,9.1,109.0
2023-03-15,武汉,47.7,80.4,53.8,26.4,12.5,9.1,79.0
2023-03-15,西安,100.6,166.5,30.5,57.9,18.6,9.1,133.0
2023-03-15,南京,52.1,81.3,49.2,27.8,14.5,9.1,82.0
2023-03-15,重庆,78.9,119.3,78.9,34.4,17.2,9.1,126.0
2023-03-16,北京,94.6,153.8,58.0,32.1,13.0,9.5,137.0
2023-03-16,上海,46.9,75.8,103.3,15.7,11.4,9.5,98.0
2023-03-16,广州,30.8,61.1,44.4,39.8,6.8,9.5,55.0
2023-03-16,深圳,29.7,52.5,61.4,15.9,1.8,9.5,60.0
2023-03-16,杭州,69.6,116.9,45.2,40.6,8.7,9.5,102.0
2023-03-16,成都,52.9,77.0,101.0,19.1,8.9,9.5,104.0
2023-03-16,武汉,112.5,171.3,44.5,37.3,11.6,9.5,153.0
2023-03-16,西安,66.8,100.5,58.7,30.7,10.7,9.5,104.0
2023-03-16,南京,66.7,110.5,,39.9,2.8,9.5,102.0
2023-03-16,重庆,90.0,154.0,101.0,44.5,13.3,9.5,148.0
2023-03-17,北京,82.9,127.9,76.7,29.1,12.2,9.8,130.0
2023-03-17,上海,82.7,135.7,74.7,30.3,12.2,9.8,129.0
2023-03-17,广州,40.0,80.4,55.3,52.6,9.5,9.8,70.0
2023-03-17,深圳,35.3,58.7,92.5,34.1,16.5,9.8,79.0
2023-03-17,杭州,71.3,115.0,79.6,35.8,8.7,9.8,117.0
2023-03-17,成都,37.0,59.9,73.4,25.6,13.5,9.8,74.0
2023-03-17,武汉,20.3,45.8,23.5,43.3,13.4,9.8,34.0
2023-03-17,西安,81.3,131.9,86.1,44.9,11.4,9.8,132.0
2023-03-17,南京,67.0,104.2,71.7,36.8,5.8,9.8,109.0
2023-03-17,重庆,43.4,72.3,32.1,32.3,13.7,9.8,65.0
2023-03-18,北京,46.6,83.4,66.5,30.4,7.9,10.1,83.0
2023-03-18,上海,90.2,155.8,58.3,39.2,10.7,10.1,132.0
2023-03-18,广州,128.2,197.5,44.2,33.0,14.9,10.1,172.0
2023-03-18,深圳,74.3,128.4,70.4,32.2,15.9,10.1,117.0
2023-03-18,杭州,43.8,81.3,36.2,29.6,11.6,10.1,67.0
2023-03-18,成都,72.5,115.4,49.5,30.4,14.5,10.1,107.0
2023-03-18,武汉,50.5,80.0,42.4,36.0,18.0,10.1,78.0
2023-03-18,西安,80.1,124.7,80.2,63.1,14.1,10.1,128.0
2023-03-18,南京,77.5,128.5,56.4,27.5,12.5,10.1,116.0
2023-03-18,重庆,59.3,97.5,73.2,47.8,2.1,10.1,100.0
2023-03-19,北京,92.1,145.8,71.7,25.8,11.2,10.5,139.0
2023-03-19,上海,77.1,108.1,67.3,21.9,7.1,10.5,119.0
2023-03-19,广州,19.6,34.2,82.1,44.3,7.1,10.5,56.0
2023-03-19,深圳,27.2,53.0,68.0,40.2,9.5,10.5,60.0
2023-03-19,杭州,98.5,159.0,53.9,37.8,13.9,10.5,140.0
2023-03-19,成都,97.3,153.2,43.4,44.1,3.6,10.5,134.0
2023-03-19,武汉,73.6,110.2,88.0,19.4,7.0,10.5,124.0
2023-03-19,西安,3.9,15.9,88.3,37.5,20.4,10.5,40.0
2023-03-19,南京,72.4,111.9,55.4,30.5,10.2,10.5,109.0
2023-03-19,重庆,42.0,62.4,68.2,34.1,17.9,10.5,78.0
2023-03-20,北京,51.7,85.1,61.6,42.0,10.0,10.8,87.0
2023-03-20,上海,17.0,38.6,60.1,46.1,11.7,10.8,44.0
2023-03-20,广州,66.9,111.2,66.4,25.7,19.2,10.8,107.0
2023-03-20,深圳,88.7,133.1,71.7,47.4,10.9,10.8,135.0
2023-03-20,杭州,79.7,122.8,78.9,27.5,16.8,10.8,127.0
2023-03-20,成都,86.8,142.7,46.9,32.0,9.1,10.8,123.0
2023-03-20,武汉,71.1,112.1,72.6,20.2,9.2,10.8,114.0
2023-03-20,西安,59.6,107.0,22.0,34.2,10.6,10.8,80.0
2023-03-20,南京,55.0,94.8,49.9,31.2,11.5,10.8,86.0
2023-03-20,重庆,50.4,85.6,41.4,58.8,15.5,10.8,77.0
2023-03-21,北京,44.5,83.1,81.9,34.7,1.3,11.2,86.0
2023-03-21,上海,50.0,81.9,87.5,52.9,18.6,11.2,95.0
2023-03-21,广州,106.8,162.8,,43.0,21.1,11.2,151.0
2023-03-21,深圳,73.1,117.4,85.2,41.5,16.6,11.2,122.0
2023-03-21,杭州,71.1,124.7,91.0,35.9,5.5,11.2,122.0
2023-03-21,成都,76.7,128.5,66.1,32.5,15.9,11.2,118.0
2023-03-21,武汉,114.1,182.0,49.3,25.5,8.6,11.2,157.0
2023-03-21,西安,87.5,139.2,75.0,36.8,12.2,11.2,135.0
2023-03-21,南京,79.8,136.7,81.7,27.7,17.0,11.2,128.0
2023-03-21,重庆,69.1,118.9,49.7,32.5,3.5,11.2,103.0
2023-03-22,北京,68.4,113.0,,47.9,12.0,11.5,106.0
2023-03-22,上海,,69.9,63.7,43.9,9.1,11.5,61.0
2023-03-22,广州,85.8,143.3,53.0,34.3,16.5,11.5,124.0
2023-03-22,深圳,73.0,111.8,51.2,38.8,14.2,11.5,108.0
2023-03-22,杭州,53.6,90.3,98.7,49.0,16.4,11.5,104.0
2023-03-22,成都,82.1,131.5,95.6,49.4,9.9,11.5,137.0
2023-03-22,武汉,80.5,129.4,69.9,49.1,8.1,11.5,125.0
2023-03-22,西安,52.6,96.2,,36.0,7.4,11.5,85.0
2023-03-22,南京,103.6,172.5,72.3,39.0,14.9,11.5,153.0
2023-03-22,重庆,71.3,113.8,75.5,68.4,10.1,11.5,116.0
2023-03-23,北京,46.2,79.8,49.2,9.0,12.9,11.8,75.0
2023-03-23,上海,44.3,81.0,84.4,41.4,8.4,11.8,87.0
2023-03-23,广州,42.0,75.0,94.4,32.0,20.4,11.8,88.0
2023-03-23,深圳,76.0,119.9,30.5,29.8,12.3,11.8,103.0
2023-03-23,杭州,94.6,157.3,69.6,30.4,14.9,11.8,141.0
2023-03-23,成都,69.1,120.8,65.1,20.5,10.0,11.8,109.0
2023-03-23,武汉,58.0,96.5,34.5,12.8,14.1,11.8,83.0
2023-03-23,西安,38.4,62.5,63.9,38.8,13.1,11.8,72.0
2023-03-23,南京,76.1,123.9,83.7,40.3,13.4,11.8,125.0
2023-03-23,重庆,,148.1,45.7,46.6,5.3,11.8,130.0
2023-03-24,北京,49.0,78.3,68.1,32.3,12.6,12.2,86.0
2023-03-24,上海,74.7,123.7,74.9,22.6,8.9,12.2,120.0
2023-03-24,广州,42.2,74.2,36.4,43.5,21.2,12.2,65.0
2023-03-24,深圳,50.4,91.5,,23.3,17.8,12.2,85.0
2023-03-24,杭州,96.6,148.0,,37.8,19.8,12.2,139.0
2023-03-24,成都,34.6,61.3,104.5,36.9,12.1,12.2,83.0
2023-03-24,武汉,95.1,146.0,57.6,30.6,-0.2,12.2,137.0
2023-03-24,西安,90.7,140.9,56.0,18.8,2.5,12.2,131.0
2023-03-24,南京,77.3,120.9,81.6,33.4,10.1,12.2,125.0
2023-03-24,重庆,104.3,165.4,50.0,41.8,13.1,12.2,145.0
2023-03-25,北京,47.5,80.7,64.5,63.1,12.0,12.5,83.0
2023-03-25,上海,95.4,146.7,41.1,51.1,9.1,12.5,131.0
2023-03-25,广州,37.2,68.4,89.3,23.1,11.7,12.5,80.0
2023-03-25,深圳,87.6,141.2,76.4,34.8,11.3,12.5,136.0
2023-03-25,杭州,62.1,97.9,29.9,42.7,16.0,12.5,86.0
2023-03-25,成都,44.6,72.4,69.3,26.2,17.2,12.5,81.0
2023-03-25,武汉,68.7,108.4,90.6,45.5,6.6,12.5,119.0
2023-03-25,西安,34.2,66.2,52.9,36.7,15.3,12.5,62.0
2023-03-25,南京,95.4,154.4,92.4,39.1,12.9,12.5,151.0
2023-03-25,重庆,56.5,84.5,50.5,37.0,4.5,12.5,88.0
2023-03-26,北京,89.0,144.4,30.4,35.9,6.3,12.9,119.0
2023-03-26,上海,41.7,80.3,65.8,44.1,3.6,12.9,76.0
2023-03-26,广州,75.6,127.2,92.1,44.8,10.1,12.9,128.0
2023-03-26,深圳,73.8,118.4,58.0,32.4,15.3,12.9,112.0
2023-03-26,杭州,86.6,135.9,62.6,33.4,16.3,12.9,129.0
2023-03-26,成都,102.5,160.4,63.0,33.9,10.0,12.9,148.0
2023-03-26,武汉,112.8,179.7,91.3,33.4,11.0,12.9,172.0
2023-03-26,西安,34.6,60.2,71.5,30.4,19.2,12.9,70.0
2023-03-26,南京,18.7,29.1,52.1,51.3,14.4,12.9,43.0
2023-03-26,重庆,109.7,174.0,45.3,46.2,10.7,12.9,150.0
2023-03-27,北京,59.8,98.4,61.7,49.2,12.6,13.2,96.0
2023-03-27,上海,55.6,91.4,54.7,36.6,14.8,13.2,89.0
2023-03-27,广州,104.2,166.3,55.8,32.3,9.3,13.2,147.0
2023-03-27,深圳,78.7,126.4,36.7,29.2,11.5,13.2,109.0
2023-03-27,杭州,57.5,90.7,82.7,39.8,5.3,13.2,102.0
2023-03-27,成都,73.9,121.7,60.1,24.1,17.4,13.2,113.0
2023-03-27,武汉,68.8,114.1,77.2,17.8,17.2,13.2,113.0
2023-03-27,西安,54.6,88.0,82.6,24.3,13.8,13.2,99.0
2023-03-27,南京,34.2,58.3,75.3,20.0,6.0,13.2,71.0
2023-03-27,重庆,85.8,135.3,41.5,53.7,5.3,13.2,120.0
2023-03-28,北京,95.5,154.1,66.1,35.5,5.3,13.5,141.0
2023-03-28,上海,85.8,140.8,77.5,44.6,9.0,13.5,134.0
2023-03-28,广州,48.3,85.7,36.3,26.7,11.4,13.5,72.0
2023-03-28,深圳,90.8,151.0,63.7,38.9,16.3,13.5,134.0
2023-03-28,杭州,81.6,132.8,71.5,40.2,18.0,13.5,127.0
2023-03-28,成都,65.8,110.4,42.7,31.3,12.2,13.5,96.0
2023-03-28,武汉,108.4,168.1,48.8,37.1,5.9,13.5,150.0
2023-03-28,西安,75.4,115.8,69.7,35.8,18.1,13.5,118.0
2023-03-28,南京,52.4,86.1,89.6,40.0,12.6,13.5,99.0
2023-03-28,重庆,61.9,109.5,54.1,40.6,19.4,13.5,96.0
2023-03-29,北京,99.9,154.5,42.6,28.3,14.9,13.9,137.0
2023-03-29,上海,93.7,144.6,72.7,46.4,20.9,13.9,142.0
2023-03-29,广州,56.9,90.4,59.0,42.2,16.0,13.9,92.0
2023-03-29,深圳,47.3,79.6,52.8,35.9,11.4,13.9,78.0
2023-03-29,杭州,78.9,128.4,94.7,38.6,14.0,13.9,133.0
2023-03-29,成都,78.9,129.3,80.6,47.1,11.0,13.9,127.0
2023-03-29,武汉,57.3,107.0,68.7,53.2,10.2,13.9,96.0
2023-03-29,西安,26.9,48.6,66.3,48.1,14.8,13.9,59.0
2023-03-29,南京,93.6,145.0,47.7,32.7,11.5,13.9,131.0
2023-03-29,重庆,32.5,55.0,65.9,20.3,8.7,13.9,65.0
2023-03-30,北京,64.4,108.7,46.2,48.6,14.8,14.2,96.0
2023-03-30,上海,108.4,171.8,63.9,17.0,13.5,14.2,156.0
2023-03-30,广州,80.4,136.1,54.4,20.6,10.8,14.2,118.0
2023-03-30,深圳,73.8,115.4,40.9,34.0,11.4,14.2,105.0
2023-03-30,杭州,94.5,155.4,25.9,29.4,10.4,14.2,124.0
2023-03-30,成都,53.9,96.2,62.9,22.0,19.0,14.2,90.0
2023-03-30,武汉,70.1,113.1,35.4,34.8,10.2,14.2,98.0
2023-03-30,西安,59.7,91.4,48.0,35.0,7.7,14.2,91.0
2023-03-30,南京,97.7,152.9,59.0,37.3,7.1,14.2,141.0
2023-03-30,重庆,49.6,86.5,22.9,42.5,14.9,14.2,69.0
2023-03-31,北京,87.8,145.2,51.8,23.1,13.2,14.6,126.0
2023-03-31,上海,82.7,124.2,38.0,8.7,6.7,14.6,114.0
2023-03-31,广州,58.0,87.8,50.1,25.2,16.2,14.6,90.0
2023-03-31,深圳,87.3,147.1,65.6,37.4,18.5,14.6,131.0
2023-03-31,杭州,93.1,151.3,79.2,45.8,11.6,14.6,143.0
2023-03-31,成都,83.1,131.0,84.1,57.9,16.1,14.6,133.0
2023-03-31,武汉,31.1,58.1,74.6,16.2,12.6,14.6,67.0
2023-03-31,西安,51.3,87.1,37.8,31.3,11.1,14.6,77.0
2023-03-31,南京,43.5,76.2,63.2,13.2,11.4,14.6,77.0
2023-03-31,重庆,68.2,104.6,51.3,50.9,13.4,14.6,102.0
2023-04-01,北京,54.0,93.9,92.7,18.1,12.1,14.9,102.0
2023-04-01,上海,72.1,118.5,87.1,31.8,10.2,14.9,121.0
2023-04-01,广州,17.7,38.6,77.7,55.8,16.0,14.9,52.0
2023-04-01,深圳,104.3,163.3,49.2,28.0,18.5,14.9,145.0
2023-04-01,杭州,72.1,119.5,53.5,38.1,11.4,14.9,108.0
2023-04-01,成都,33.6,69.2,,22.6,10.4,14.9,57.0
2023-04-01,武汉,32.2,58.0,51.7,14.8,15.7,14.9,59.0
2023-04-01,西安,36.4,60.1,65.5,35.2,13.8,14.9,70.0
2023-04-01,南京,95.0,153.2,,29.2,11.8,14.9,126.0
2023-04-01,重庆,,195.4,96.5,34.7,15.4,14.9,184.0
2023-04-02,北京,-12.1,-7.0,96.9,22.2,10.5,15.3,24.0
2023-04-02,上海,89.9,147.7,,42.5,21.1,15.3,134.0
2023-04-02,广州,44.3,74.9,67.8,38.4,18.7,15.3,80.0
2023-04-02,深圳,71.3,117.4,72.6,37.9,19.0,15.3,115.0
2023-04-02,杭州,70.2,115.3,31.9,38.1,13.7,15.3,97.0
2023-04-02,成都,75.7,114.6,49.8,15.8,6.1,15.3,111.0
2023-04-02,武汉,55.5,95.1,58.1,60.8,-2.2,15.3,90.0
2023-04-02,西安,84.4,131.7,45.5,34.1,9.6,15.3,119.0
2023-04-02,南京,105.9,167.6,56.1,17.0,9.9,15.3,150.0
2023-04-02,重庆,47.2,78.2,63.2,56.2,3.3,15.3,82.0
2023-04-03,北京,87.1,146.3,81.1,28.0,18.7,15.6,137.0
2023-04-03,上海,71.1,117.2,64.9,41.7,7.1,15.6,111.0
2023-04-03,广州,,48.1,71.4,41.0,13.2,15.6,57.0
2023-04-03,深圳,56.5,92.7,50.5,46.7,3.9,15.6,88.0
2023-04-03,杭州,108.3,172.2,54.6,39.9,15.5,15.6,152.0
2023-04-03,成都,126.6,203.3,75.4,30.9,4.4,15.6,182.0
2023-04-03,武汉,111.6,178.9,52.9,19.5,15.6,15.6,155.0
2023-04-03,西安,51.8,90.5,68.7,47.0,7.3,15.6,90.0
2023-04-03,南京,47.3,85.7,83.0,47.8,7.2,15.6,90.0
2023-04-03,重庆,,84.4,65.9,31.1,15.5,15.6,88.0
2023-04-04,北京,5.8,20.8,65.4,18.8,16.1,15.9,33.0
2023-04-04,上海,81.3,130.6,67.5,11.8,18.5,15.9,125.0
2023-04-04,广州,55.3,88.9,73.6,51.5,9.5,15.9,96.0
2023-04-04,深圳,99.5,172.4,41.2,42.9,10.9,15.9,136.0
2023-04-04,杭州,,90.8,74.4,27.0,10.5,15.9,96.0
2023-04-04,成都,80.8,138.9,94.9,29.9,7.6,15.9,135.0
2023-04-04,武汉,,87.6,71.4,52.2,10.1,15.9,97.0
2023-04-04,西安,30.6,60.7,30.6,37.0,6.2,15.9,49.0
2023-04-04,南京,63.2,104.4,42.5,48.0,15.7,15.9,93.0
2023-04-04,重庆,81.3,127.0,52.5,8.7,10.2,15.9,119.0
2023-04-05,北京,9.5,30.7,58.7,35.6,13.8,16.3,35.0
2023-04-05,上海,44.6,74.8,67.0,41.7,6.9,16.3,80.0
2023-04-05,广州,77.3,126.7,68.8,10.0,9.4,16.3,120.0
2023-04-05,深圳,115.5,177.3,71.9,29.8,10.8,16.3,167.0
2023-04-05,杭州,97.3,153.8,84.7,45.7,10.5,16.3,151.0
2023-04-05,成都,58.1,99.8,58.3,22.7,12.9,16.3,93.0
2023-04-05,武汉,66.6,109.4,99.7,10.1,6.7,16.3,120.0
2023-04-05,西安,93.5,153.5,83.3,29.2,13.6,16.3,146.0
2023-04-05,南京,114.5,184.1,61.5,13.8,11.7,16.3,162.0
2023-04-05,重庆,37.2,68.9,72.0,27.5,4.2,16.3,73.0
2023-04-06,北京,37.8,62.5,70.7,29.7,17.7,16.6,74.0
2023-04-06,上海,62.8,99.8,71.5,37.6,10.3,16.6,104.0
2023-04-06,广州,54.8,93.4,77.5,15.5,12.0,16.6,97.0
2023-04-06,深圳,82.6,141.0,90.3,39.0,17.7,16.6,135.0
2023-04-06,杭州,53.2,94.8,61.4,36.4,8.1,16.6,88.0
2023-04-06,成都,61.8,112.2,26.1,46.2,14.7,16.6,85.0
2023-04-06,武汉,,142.1,73.5,46.6,3.0,16.6,131.0
2023-04-06,西安,107.6,172.4,21.6,47.9,11.6,16.6,138.0
2023-04-06,南京,72.4,114.4,51.7,45.8,11.4,16.6,108.0
2023-04-06,重庆,65.5,109.5,65.0,29.6,5.3,16.6,105.0
2023-04-07,北京,85.9,130.6,50.7,37.9,8.2,17.0,123.0
2023-04-07,上海,113.0,174.2,48.5,40.9,5.4,17.0,155.0
2023-04-07,广州,77.7,126.0,61.6,56.7,11.5,17.0,118.0
2023-04-07,深圳,66.9,108.6,,20.9,5.1,17.0,114.0
2023-04-07,杭州,97.9,152.1,46.4,28.2,15.0,17.0,136.0
2023-04-07,成都,109.2,177.4,,25.9,15.4,17.0,153.0
2023-04-07,武汉,93.3,146.9,74.9,37.5,16.8,17.0,142.0
2023-04-07,西安,77.9,121.9,28.4,43.9,18.8,17.0,105.0
2023-04-07,南京,37.3,76.8,68.1,59.4,18.4,17.0,72.0
2023-04-07,重庆,70.4,128.9,46.2,39.8,15.6,17.0,103.0
2023-04-08,北京,39.2,67.0,90.4,50.1,12.4,17.3,83.0
2023-04-08,上海,60.9,104.2,93.7,34.1,15.9,17.3,111.0
2023-04-08,广州,53.9,98.4,56.5,45.7,5.9,17.3,87.0
2023-04-08,深圳,104.5,157.5,69.6,23.8,20.2,17.3,153.0
2023-04-08,杭州,111.4,180.0,59.0,30.5,8.0,17.3,157.0
2023-04-08,成都,61.0,99.8,86.2,19.2,15.5,17.3,108.0
2023-04-08,武汉,35.4,56.5,43.7,47.6,7.5,17.3,60.0
2023-04-08,西安,59.9,99.4,79.0,33.9,10.4,17.3,103.0
2023-04-08,南京,78.2,125.8,79.5,35.9,8.8,17.3,126.0
2023-04-08,重庆,45.0,83.3,32.4,41.2,19.0,17.3,67.0
2023-04-09,北京,,98.7,86.7,43.0,3.1,17.7,105.0
2023-04-09,上海,34.3,61.4,65.9,34.9,7.4,17.7,68.0
2023-04-09,广州,109.7,170.2,47.1,12.2,17.2,17.7,150.0
2023-04-09,深圳,107.9,170.9,65.4,28.2,19.2,17.7,156.0
2023-04-09,杭州,,92.6,83.2,19.7,14.9,17.7,92.0
2023-04-09,成都,95.7,160.6,38.2,39.7,12.0,17.7,130.0
2023-04-09,武汉,66.2,113.5,66.9,43.1,15.8,17.7,106.0
2023-04-09,西安,64.0,100.2,37.0,36.3,20.5,17.7,92.0
2023-04-09,南京,67.6,117.9,80.8,51.5,5.8,17.7,113.0
2023-04-09,重庆,52.0,79.5,75.0,42.1,4.8,17.7,92.0
2023-04-10,北京,75.5,128.1,53.6,4.6,16.5,18.0,112.0
2023-04-10,上海,96.1,156.7,53.9,66.2,13.7,18.0,137.0
2023-04-10,广州,87.2,139.4,65.9,30.7,15.1,18.0,131.0
2023-04-10,深圳,64.9,97.3,72.5,45.1,6.5,18.0,107.0
2023-04-10,杭州,51.8,79.0,58.8,43.5,4.3,18.0,86.0
2023-04-10,成都,91.0,150.2,73.0,27.3,14.8,18.0,138.0
2023-04-10,武汉,93.7,155.7,67.9,22.5,13.9,18.0,140.0
2023-04-10,西安,108.0,175.3,,31.8,8.4,18.0,171.0
2023-04-10,南京,76.3,127.0,55.8,27.5,9.1,18.0,114.0
2023-04-10,重庆,61.0,99.6,87.1,38.5,5.2,18.0,108.0
2023-04-11,北京,25.1,52.0,75.0,36.7,15.3,18.3,60.0
2023-04-11,上海,112.8,179.8,92.7,23.0,2.2,18.3,172.0
2023-04-11,广州,45.9,83.0,77.0,25.7,14.0,18.3,86.0
2023-04-11,深圳,70.9,115.3,43.9,34.3,7.1,18.3,103.0
2023-04-11,杭州,103.2,158.6,87.2,22.8,14.2,18.3,159.0
2023-04-11,成都,47.0,87.5,100.0,44.2,10.7,18.3,96.0
2023-04-11,武汉,82.4,138.8,74.3,62.7,11.7,18.3,129.0
2023-04-11,西安,82.8,136.0,37.6,25.4,8.9,18.3,114.0
2023-04-11,南京,67.5,105.1,70.1,63.3,11.3,18.3,109.0
2023-04-11,重庆,15.9,27.3,87.4,31.2,14.8,18.3,54.0
2023-04-12,北京,51.8,84.5,67.3,60.7,-1.3,18.7,89.0
2023-04-12,上海,44.1,78.8,72.1,19.5,23.9,18.7,82.0
2023-04-12,广州,57.9,104.3,61.8,38.9,11.6,18.7,94.0
2023-04-12,深圳,72.1,120.6,102.5,36.2,12.3,18.7,128.0
2023-04-12,杭州,78.0,131.7,71.3,37.8,5.3,18.7,122.0
2023-04-12,成都,97.4,159.3,71.5,49.7,13.2,18.7,145.0
2023-04-12,武汉,,63.1,51.9,27.9,13.9,18.7,62.0
2023-04-12,西安,50.6,82.9,30.0,51.1,15.8,18.7,73.0
2023-04-12,南京,44.6,72.8,84.1,9.6,12.1,18.7,87.0
2023-04-12,重庆,32.6,67.2,61.2,35.7,11.9,18.7,64.0
2023-04-13,北京,77.3,132.1,88.9,45.0,12.7,19.0,128.0
2023-04-13,上海,42.4,67.8,56.9,31.7,14.6,19.0,74.0
2023-04-13,广州,69.3,122.6,73.7,16.0,8.5,19.0,113.0
2023-04-13,深圳,27.2,56.4,45.5,33.5,2.9,19.0,51.0
2023-04-13,杭州,33.5,59.9,46.8,40.7,5.1,19.0,59.0
2023-04-13,成都,72.0,123.3,70.0,44.7,14.0,19.0,114.0
2023-04-13,武汉,109.0,175.9,60.8,18.9,18.5,19.0,155.0
2023-04-13,西安,85.3,134.0,6.7,26.6,10.2,19.0,105.0
2023-04-13,南京,,144.0,93.0,36.0,7.3,19.0,142.0
2023-04-13,重庆,72.9,128.2,63.7,47.5,7.2,19.0,113.0
2023-04-14,北京,73.9,120.1,54.0,32.5,20.7,19.4,110.0
2023-04-14,上海,100.9,158.3,41.0,43.8,21.9,19.4,137.0
2023-04-14,广州,,92.2,83.4,42.8,19.4,19.4,95.0
2023-04-14,深圳,99.7,161.0,74.2,36.2,10.5,19.4,149.0
2023-04-14,杭州,87.5,134.7,54.7,17.2,21.7,19.4,127.0
2023-04-14,成都,81.1,131.7,53.6,61.4,10.1,19.4,119.0
2023-04-14,武汉,74.5,115.3,25.0,22.4,16.6,19.4,99.0
2023-04-14,西安,66.6,107.3,72.5,34.3,6.9,19.4,109.0
2023-04-14,南京,43.1,77.6,32.6,27.5,10.8,19.4,65.0
2023-04-14,重庆,61.7,99.6,72.2,33.0,6.1,19.4,103.0
2023-04-15,北京,59.8,92.6,75.3,44.9,9.7,19.7,102.0
2023-04-15,上海,34.4,62.6,66.7,32.1,11.7,19.7,68.0
2023-04-15,广州,40.5,74.3,41.6,41.6,5.7,19.7,65.0
2023-04-15,深圳,0.4,7.8,13.1,38.3,-1.6,19.7,6.0
2023-04-15,杭州,70.7,119.1,94.9,46.9,12.9,19.7,123.0
2023-04-15,成都,70.3,117.4,41.1,31.3,20.6,19.7,101.0
2023-04-15,武汉,85.8,142.5,71.2,32.2,4.0,19.7,131.0
2023-04-15,西安,108.5,173.3,88.1,37.8,13.8,19.7,165.0
2023-04-15,南京,45.1,67.8,85.3,46.8,23.8,19.7,88.0
2023-04-15,重庆,25.4,53.3,44.0,24.5,9.2,19.7,48.0
2023-04-16,北京,66.9,117.1,35.4,13.3,11.6,20.0,94.0
2023-04-16,上海,54.4,91.5,38.0,26.6,11.7,20.0,80.0
2023-04-16,广州,77.9,120.0,46.9,31.9,14.5,20.0,112.0
2023-04-16,深圳,68.5,113.1,62.2,47.8,9.7,20.0,107.0
2023-04-16,杭州,44.3,68.6,84.9,33.8,18.3,20.0,87.0
2023-04-16,成都,53.3,79.0,79.6,34.1,11.3,20.0,96.0
2023-04-16,武汉,61.0,104.0,69.8,41.8,14.6,20.0,101.0
2023-04-16,西安,115.8,182.0,62.5,32.1,22.3,20.0,164.0
2023-04-16,南京,58.7,99.1,33.6,20.5,6.6,20.0,84.0
2023-04-16,重庆,,127.6,101.1,28.9,15.2,20.0,134.0
2023-04-17,北京,73.9,125.8,44.6,43.5,10.0,20.4,107.0
2023-04-17,上海,92.5,140.3,93.5,34.1,10.6,20.4,148.0
2023-04-17,广州,85.0,135.3,33.3,38.0,15.3,20.4,115.0
2023-04-17,深圳,96.4,159.5,27.3,41.8,16.4,20.4,127.0
2023-04-17,杭州,102.7,158.4,43.5,21.6,7.7,20.4,141.0
2023-04-17,成都,26.2,54.0,56.9,21.9,13.2,20.4,54.0
2023-04-17,武汉,30.9,45.8,77.7,44.4,6.1,20.4,68.0
2023-04-17,西安,85.1,128.7,52.1,30.4,15.1,20.4,123.0
2023-04-17,南京,87.5,134.9,75.3,54.8,15.4,20.4,135.0
2023-04-17,重庆,110.0,175.5,68.6,35.4,29.2,20.4,159.0
2023-04-18,北京,75.6,124.3,57.3,34.2,9.5,20.7,114.0
2023-04-18,上海,70.7,114.0,59.6,42.2,18.1,20.7,109.0
2023-04-18,广州,119.7,206.4,74.9,30.4,8.6,20.7,174.0
2023-04-18,深圳,75.9,130.5,85.4,31.5,3.7,20.7,125.0
2023-04-18,杭州,76.9,124.0,43.6,35.7,14.6,20.7,110.0
2023-04-18,成都,112.7,173.1,53.1,27.0,5.4,20.7,156.0
2023-04-18,武汉,126.4,211.4,58.1,30.4,11.2,20.7,175.0
2023-04-18,西安,,70.0,38.9,42.1,12.3,20.7,70.0
2023-04-18,南京,68.2,113.4,60.1,57.3,9.0,20.7,106.0
2023-04-18,重庆,68.6,111.1,46.7,39.7,13.8,20.7,101.0
2023-04-19,北京,93.4,136.5,98.3,25.8,17.5,21.0,151.0
2023-04-19,上海,57.0,104.5,67.9,47.0,14.5,21.0,96.0
2023-04-19,广州,,98.1,84.9,44.0,4.1,21.0,104.0
2023-04-19,深圳,67.8,109.6,46.8,22.4,13.3,21.0,100.0
2023-04-19,杭州,84.3,130.1,22.4,49.3,7.7,21.0,110.0
2023-04-19,成都,91.5,154.9,87.9,27.0,10.8,21.0,145.0
2023-04-19,武汉,63.9,103.3,47.1,49.0,16.7,21.0,96.0
2023-04-19,西安,75.2,128.3,104.5,26.4,14.8,21.0,132.0
2023-04-19,南京,45.0,75.5,,19.2,22.4,21.0,72.0
2023-04-19,重庆,52.0,84.4,77.6,27.8,17.4,21.0,93.0
2023-04-20,北京,72.7,122.2,84.5,26.2,11.9,21.3,121.0
2023-04-20,上海,73.3,124.8,51.5,21.0,8.8,21.3,109.0
2023-04-20,广州,70.0,118.0,74.7,15.3,4.0,21.3,114.0
2023-04-20,深圳,61.1,101.4,52.5,45.3,8.8,21.3,94.0
2023-04-20,杭州,70.3,122.6,62.2,30.6,14.3,21.3,109.0
2023-04-20,成都,75.5,122.5,,47.3,13.7,21.3,114.0
2023-04-20,武汉,88.2,145.5,31.6,41.5,16.4,21.3,118.0
2023-04-20,西安,110.9,179.8,47.8,38.2,12.6,21.3,152.0
2023-04-20,南京,75.9,131.2,39.6,43.9,9.8,21.3,107.0
2023-04-20,重庆,92.5,153.8,61.2,42.8,8.7,21.3,135.0
2023-04-21,北京,58.6,98.6,,5.0,16.7,21.7,99.0
2023-04-21,上海,104.8,167.0,80.2,58.3,0.9,21.7,158.0
2023-04-21,广州,,54.8,90.9,36.7,9.3,21.7,75.0
2023-04-21,深圳,75.4,120.2,65.5,28.9,15.3,21.7,117.0
2023-04-21,杭州,80.0,140.7,75.0,47.3,18.0,21.7,126.0
2023-04-21,成都,53.3,81.8,78.6,41.3,20.0,21.7,95.0
2023-04-21,武汉,60.2,95.1,59.7,18.0,10.9,21.7,96.0
2023-04-21,西安,72.3,110.9,51.4,55.1,12.3,21.7,107.0
2023-04-21,南京,108.9,177.0,21.6,47.9,10.1,21.7,139.0
2023-04-21,重庆,109.1,172.3,74.5,29.2,6.6,21.7,161.0
2023-04-22,北京,57.5,95.1,62.0,25.7,6.5,22.0,94.0
2023-04-22,上海,103.4,166.3,47.1,34.7,14.4,22.0,143.0
2023-04-22,广州,104.7,166.1,71.8,42.1,5.6,22.0,154.0
2023-04-22,深圳,102.6,161.5,70.6,43.8,9.0,22.0,151.0
2023-04-22,杭州,57.6,97.6,73.2,22.0,8.2,22.0,98.0
2023-04-22,成都,85.3,138.7,47.7,48.3,8.3,22.0,121.0
2023-04-22,武汉,64.4,104.4,72.5,24.7,3.2,22.0,106.0
2023-04-22,西安,59.4,103.3,47.7,39.5,14.1,22.0,90.0
2023-04-22,南京,74.7,121.3,76.5,52.7,21.5,22.0,120.0
2023-04-22,重庆,30.7,53.1,93.7,44.7,9.6,22.0,74.0
2023-04-23,北京,,95.7,90.1,25.3,9.8,22.3,112.0
2023-04-23,上海,70.4,116.8,34.9,67.0,8.6,22.3,98.0
2023-04-23,广州,127.1,196.9,43.2,25.6,8.0,22.3,170.0
2023-04-23,深圳,126.0,198.5,66.9,43.4,20.6,22.3,178.0
2023-04-23,杭州,77.5,134.1,80.8,26.3,14.7,22.3,125.0
2023-04-23,成都,138.1,225.0,89.8,25.9,18.0,22.3,202.0
2023-04-23,武汉,28.4,50.4,47.4,12.8,18.3,22.3,53.0
2023-04-23,西安,73.6,117.0,83.8,42.5,10.2,22.3,122.0
2023-04-23,南京,72.8,116.9,100.2,47.1,16.2,22.3,127.0
2023-04-23,重庆,69.6,109.6,83.1,41.9,14.0,22.3,117.0
2023-04-24,北京,29.1,49.6,55.4,32.7,11.3,22.6,57.0
2023-04-24,上海,85.5,135.1,,17.9,9.3,22.6,135.0
2023-04-24,广州,69.8,122.2,86.1,27.6,17.8,22.6,118.0
2023-04-24,深圳,67.9,102.9,36.3,24.5,5.0,22.6,96.0
2023-04-24,杭州,,161.0,46.3,41.4,9.7,22.6,144.0
2023-04-24,成都,57.8,91.9,81.4,29.5,-0.1,22.6,102.0
2023-04-24,武汉,95.0,155.4,19.3,34.9,8.4,22.6,122.0
2023-04-24,西安,72.1,113.8,81.8,24.5,10.4,22.6,119.0
2023-04-24,南京,60.2,99.4,53.4,27.5,18.2,22.6,94.0
2023-04-24,重庆,96.2,159.4,43.5,37.7,11.7,22.6,133.0
2023-04-25,北京,67.7,110.7,79.3,36.8,14.3,23.0,113.0
2023-04-25,上海,,120.4,80.6,33.8,9.3,23.0,120.0
2023-04-25,广州,54.1,89.8,63.0,29.5,12.7,23.0,90.0
2023-04-25,深圳,108.0,170.8,64.5,38.0,10.8,23.0,155.0
2023-04-25,杭州,80.4,127.8,,31.5,13.6,23.0,111.0
2023-04-25,成都,89.5,146.8,59.7,27.0,12.7,23.0,131.0
2023-04-25,武汉,92.5,155.1,68.1,33.4,11.2,23.0,138.0
2023-04-25,西安,32.7,62.7,66.4,26.7,11.9,23.0,66.0
2023-04-25,南京,65.2,109.5,77.6,38.5,12.4,23.0,109.0
2023-04-25,重庆,26.3,34.6,52.0,24.5,16.4,23.0,52.0
2023-04-26,北京,32.4,62.5,42.5,7.2,15.3,23.3,56.0
2023-04-26,上海,53.7,96.7,60.7,18.2,14.1,23.3,89.0
2023-04-26,广州,32.0,54.7,60.0,10.4,1.2,23.3,62.0
2023-04-26,深圳,71.3,112.3,98.9,32.0,11.1,23.3,125.0
2023-04-26,杭州,81.6,136.1,49.2,41.5,12.0,23.3,118.0
2023-04-26,成都,69.0,110.3,61.3,54.6,13.8,23.3,107.0
2023-04-26,武汉,103.7,165.3,62.9,53.9,12.9,23.3,150.0
2023-04-26,西安,125.6,210.7,46.3,47.9,15.0,23.3,169.0
2023-04-26,南京,43.7,78.3,81.2,13.6,12.8,23.3,85.0
2023-04-26,重庆,84.9,136.0,67.9,32.4,13.6,23.3,129.0
2023-04-27,北京,88.0,135.7,45.8,42.4,14.4,23.6,124.0
2023-04-27,上海,64.1,98.9,76.4,28.6,11.8,23.6,107.0
2023-04-27,广州,84.9,137.5,57.4,26.6,10.3,23.6,125.0
2023-04-27,深圳,17.6,37.3,85.5,24.3,4.7,23.6,55.0
2023-04-27,杭州,17.1,34.2,41.5,7.4,12.4,23.6,37.0
2023-04-27,成都,57.6,102.2,57.2,34.2,16.3,23.6,92.0
2023-04-27,武汉,38.6,69.9,60.5,22.4,12.4,23.6,71.0
2023-04-27,西安,49.4,83.7,69.2,28.5,11.6,23.6,87.0
2023-04-27,南京,60.6,106.2,16.9,44.7,11.2,23.6,79.0
2023-04-27,重庆,116.4,179.4,45.9,20.3,7.7,23.6,158.0
2023-04-28,北京,67.7,111.5,74.1,53.5,5.9,23.9,111.0
2023-04-28,上海,41.2,73.2,24.5,44.6,12.0,23.9,59.0
2023-04-28,广州,60.7,101.6,100.3,49.2,16.7,23.9,113.0
2023-04-28,深圳,68.4,110.9,44.6,19.7,15.3,23.9,100.0
2023-04-28,杭州,65.0,102.8,66.0,45.8,11.5,23.9,104.0
2023-04-28,成都,88.4,139.4,49.3,38.3,17.4,23.9,126.0
2023-04-28,武汉,103.9,169.1,82.3,48.0,10.3,23.9,158.0
2023-04-28,西安,49.7,85.0,84.8,35.5,12.5,23.9,94.0
2023-04-28,南京,57.7,102.4,66.4,44.3,10.7,23.9,96.0
2023-04-28,重庆,42.4,69.4,51.8,40.4,12.6,23.9,72.0
2023-04-29,北京,107.3,172.4,57.6,28.3,2.6,24.2,152.0
2023-04-29,上海,85.3,144.6,77.4,47.9,8.3,24.2,133.0
2023-04-29,广州,101.4,155.9,50.0,25.7,14.5,24.2,142.0
2023-04-29,深圳,72.8,123.7,,22.7,15.4,24.2,118.0
2023-04-29,杭州,53.6,84.0,101.0,28.3,10.8,24.2,105.0
2023-04-29,成都,51.0,83.6,60.0,48.1,14.1,24.2,85.0
2023-04-29,武汉,,60.7,64.9,47.6,16.7,24.2,73.0
2023-04-29,西安,115.9,187.0,50.6,49.7,9.0,24.2,159.0
2023-04-29,南京,38.5,59.1,41.2,38.2,5.8,24.2,63.0
2023-04-29,重庆,21.7,47.1,19.3,61.6,3.2,24.2,34.0
2023-04-30,北京,,163.8,41.3,55.0,10.3,24.5,138.0
2023-04-30,上海,92.8,147.5,99.6,26.4,12.0,24.5,151.0
2023-04-30,广州,35.4,63.6,63.2,-0.8,12.1,24.5,68.0
2023-04-30,深圳,77.8,132.0,27.6,32.6,7.1,24.5,104.0
2023-04-30,杭州,55.7,90.3,51.1,62.4,6.9,24.5,87.0
2023-04-30,成都,30.5,55.4,71.7,41.3,17.4,24.5,65.0
2023-04-30,武汉,54.8,86.8,48.4,38.7,10.0,24.5,85.0
2023-04-30,西安,62.4,97.6,73.6,34.3,9.3,24.5,104.0
2023-04-30,南京,90.5,139.0,77.1,42.4,12.0,24.5,139.0
2023-04-30,重庆,88.5,138.5,71.2,33.9,10.8,24.5,135.0
2023-05-01,北京,84.1,130.2,32.5,26.9,15.1,24.8,114.0
2023-05-01,上海,71.8,121.9,71.8,32.7,17.1,24.8,115.0
2023-05-01,广州,86.9,140.5,41.1,38.0,15.1,24.8,121.0
2023-05-01,深圳,39.9,61.0,73.4,23.0,13.0,24.8,77.0
2023-05-01,杭州,71.8,117.5,48.8,38.6,15.1,24.8,106.0
2023-05-01,成都,123.5,200.3,29.5,27.7,16.3,24.8,160.0
2023-05-01,武汉,67.9,110.7,39.8,50.4,9.7,24.8,97.0
2023-05-01,西安,84.1,141.6,52.6,39.5,4.8,24.8,122.0
2023-05-01,南京,83.2,133.5,51.6,49.2,13.7,24.8,120.0
2023-05-01,重庆,91.5,147.8,37.7,38.2,16.9,24.8,125.0
2023-05-02,北京,66.6,116.5,74.5,45.1,14.0,25.1,110.0
2023-05-02,上海,,82.0,75.5,43.0,9.8,25.1,91.0
2023-05-02,广州,55.8,87.4,66.9,43.6,19.5,25.1,94.0
2023-05-02,深圳,84.2,144.5,38.2,38.4,11.8,25.1,116.0
2023-05-02,杭州,35.2,60.2,41.0,39.2,12.0,25.1,59.0
2023-05-02,成都,42.6,80.8,70.5,26.9,9.0,25.1,79.0
2023-05-02,武汉,86.9,132.4,65.5,51.2,12.0,25.1,130.0
2023-05-02,西安,23.7,39.7,105.8,70.4,11.8,25.1,71.0
2023-05-02,南京,66.4,106.2,66.6,49.2,16.6,25.1,106.0
2023-05-02,重庆,76.7,115.4,29.2,26.5,16.5,25.1,104.0
2023-05-03,北京,30.8,63.5,88.2,38.6,14.7,25.4,72.0
2023-05-03,上海,55.7,95.4,58.0,30.6,11.6,25.4,90.0
2023-05-03,广州,53.3,87.1,37.6,36.2,14.3,25.4,79.0
2023-05-03,深圳,53.4,91.4,51.3,44.0,16.1,25.4,85.0
2023-05-03,杭州,,90.4,58.8,40.8,19.0,25.4,89.0
2023-05-03,成都,23.5,38.6,30.6,36.8,6.7,25.4,40.0
2023-05-03,武汉,56.5,88.2,62.9,35.8,8.4,25.4,93.0
2023-05-03,西安,75.4,121.6,60.8,45.9,9.8,25.4,115.0
2023-05-03,南京,57.6,94.2,51.2,46.2,13.3,25.4,90.0
2023-05-03,重庆,70.4,106.0,64.7,26.5,3.4,25.4,110.0
2023-05-04,北京,82.3,142.6,90.9,17.8,4.5,25.7,135.0
2023-05-04,上海,64.4,113.1,69.6,35.9,6.8,25.7,105.0
2023-05-04,广州,,106.3,24.3,9.4,18.3,25.7,88.0
2023-05-04,深圳,51.6,89.2,45.2,53.1,13.8,25.7,80.0
2023-05-04,杭州,,107.0,56.7,29.5,14.0,25.7,99.0
2023-05-04,成都,-6.3,4.5,78.3,25.3,6.2,25.7,24.0
2023-05-04,武汉,89.1,147.1,57.5,36.5,8.6,25.7,130.0
2023-05-04,西安,68.5,116.4,62.1,65.6,11.8,25.7,107.0
2023-05-04,南京,100.5,173.9,62.1,38.4,13.3,25.7,145.0
2023-05-04,重庆,111.6,181.8,,51.7,16.0,25.7,156.0
2023-05-05,北京,,81.2,46.3,42.4,11.7,26.0,73.0
2023-05-05,上海,75.6,116.3,49.4,39.7,15.3,26.0,110.0
2023-05-05,广州,86.0,142.2,65.0,30.0,23.8,26.0,129.0
2023-05-05,深圳,94.8,149.8,79.2,20.2,5.6,26.0,145.0
2023-05-05,杭州,53.5,93.5,80.4,25.9,19.8,26.0,96.0
2023-05-05,成都,110.8,171.2,94.5,21.6,12.5,26.0,171.0
2023-05-05,武汉,72.9,118.7,46.9,32.7,9.2,26.0,106.0
2023-05-05,西安,70.3,114.4,99.0,33.4,18.2,26.0,124.0
2023-05-05,南京,66.5,121.0,76.7,21.4,14.5,26.0,110.0
2023-05-05,重庆,92.7,146.2,79.3,35.5,15.5,26.0,143.0
2023-05-06,北京,41.3,80.7,66.5,21.8,19.0,26.3,76.0
2023-05-06,上海,89.8,146.4,61.4,34.8,8.4,26.3,132.0
2023-05-06,广州,84.4,140.7,45.6,38.0,11.5,26.3,120.0
2023-05-06,深圳,82.3,144.1,86.8,35.3,21.3,26.3,133.0
2023-05-06,杭州,80.1,130.9,71.9,20.7,12.2,26.3,125.0
2023-05-06,成都,46.1,75.6,63.2,24.7,8.8,26.3,81.0
2023-05-06,武汉,81.1,126.4,67.2,48.7,12.9,26.3,124.0
2023-05-06,西安,92.9,154.9,51.2,24.9,9.3,26.3,132.0
2023-05-06,南京,44.5,75.7,68.5,9.2,10.8,26.3,81.0
2023-05-06,重庆,94.0,144.3,73.5,40.3,18.8,26.3,142.0
2023-05-07,北京,82.5,130.3,36.8,47.3,16.0,26.5,114.0
2023-05-07,上海,-8.1,-4.5,66.2,37.8,17.9,26.5,17.0
2023-05-07,广州,65.3,102.1,53.2,34.8,14.5,26.5,100.0
2023-05-07,深圳,,124.2,33.9,40.1,12.7,26.5,103.0
2023-05-07,杭州,77.6,131.6,73.4,33.1,11.8,26.5,122.0
2023-05-07,成都,88.0,143.1,75.9,15.7,13.6,26.5,136.0
2023-05-07,武汉,94.6,154.1,56.4,42.7,12.0,26.5,136.0
2023-05-07,西安,65.4,109.5,41.4,23.1,7.2,26.5,95.0
2023-05-07,南京,83.8,138.6,65.7,46.8,7.0,26.5,127.0
2023-05-07,重庆,89.8,144.9,61.2,39.0,10.5,26.5,132.0
2023-05-08,北京,52.7,89.2,48.7,22.4,8.1,26.8,83.0
2023-05-08,上海,61.7,105.2,72.4,33.3,14.8,26.8,103.0
2023-05-08,广州,,92.2,78.9,37.9,11.7,26.8,94.0
2023-05-08,深圳,42.1,74.7,109.2,10.2,7.5,26.8,94.0
2023-05-08,杭州,76.6,127.1,,45.4,7.2,26.8,107.0
2023-05-08,成都,64.7,108.6,62.5,37.6,10.3,26.8,103.0
2023-05-08,武汉,73.5,116.6,66.3,16.0,11.3,26.8,115.0
2023-05-08,西安,40.7,70.2,71.1,26.1,4.0,26.8,77.0
2023-05-08,南京,66.9,102.3,20.7,49.5,10.7,26.8,89.0
2023-05-08,重庆,73.2,118.4,44.8,50.1,22.0,26.8,106.0
2023-05-09,北京,95.1,146.2,57.1,30.2,18.4,27.1,137.0
2023-05-09,上海,73.5,127.0,49.6,25.8,2.5,27.1,108.0
2023-05-09,广州,67.5,120.6,39.5,43.0,13.4,27.1,97.0
2023-05-09,深圳,82.4,129.5,66.5,45.0,11.4,27.1,125.0
2023-05-09,杭州,84.6,136.8,51.1,40.8,19.0,27.1,122.0
2023-05-09,成都,57.9,111.1,78.1,49.3,16.5,27.1,101.0
2023-05-09,武汉,50.6,87.1,48.2,30.2,8.2,27.1,80.0
2023-05-09,西安,25.8,40.6,51.4,21.2,13.0,27.1,52.0
2023-05-09,南京,75.7,127.4,39.2,38.4,18.0,27.1,107.0
2023-05-09,重庆,70.8,115.6,85.3,30.7,13.5,27.1,119.0
2023-05-10,北京,114.4,184.0,70.1,40.5,18.3,27.4,165.0
2023-05-10,上海,137.0,214.4,93.7,3.9,16.5,27.4,202.0
2023-05-10,广州,24.4,41.9,-11.4,40.2,11.0,27.4,25.0
2023-05-10,深圳,69.1,107.2,36.7,31.0,13.2,27.4,98.0
2023-05-10,杭州,48.8,82.1,74.7,21.5,9.0,27.4,88.0
2023-05-10,成都,49.5,89.2,37.8,23.7,12.7,27.4,75.0
2023-05-10,武汉,90.5,153.4,55.4,44.7,18.3,27.4,131.0
2023-05-10,西安,95.2,156.7,63.5,32.8,9.3,27.4,140.0
2023-05-10,南京,65.3,107.0,41.7,42.3,11.1,27.4,95.0
2023-05-10,重庆,55.7,106.7,75.6,34.7,10.8,27.4,97.0
2023-05-11,北京,84.1,133.2,44.6,27.2,13.5,27.6,119.0
2023-05-11,上海,84.8,141.5,45.9,33.6,10.7,27.6,120.0
2023-05-11,广州,52.2,84.0,55.6,42.8,17.1,27.6,85.0
2023-05-11,深圳,82.6,133.3,68.9,42.6,11.5,27.6,127.0
2023-05-11,杭州,47.4,80.7,81.1,33.3,8.9,27.6,89.0
2023-05-11,成都,96.2,154.5,44.7,19.2,11.9,27.6,133.0
2023-05-11,武汉,109.3,173.9,51.8,32.8,14.5,27.6,152.0
2023-05-11,西安,78.5,129.4,64.7,42.6,17.6,27.6,120.0
2023-05-11,南京,76.6,124.5,93.9,52.7,1.3,27.6,129.0
2023-05-11,重庆,73.6,120.7,62.7,48.8,12.1,27.6,113.0
2023-05-12,北京,64.7,109.6,67.9,43.7,9.0,27.9,105.0
2023-05-12,上海,102.2,160.7,38.1,38.4,15.2,27.9,138.0
2023-05-12,广州,56.2,96.0,64.2,49.2,11.6,27.9,93.0
2023-05-12,深圳,46.8,78.9,45.5,49.2,7.6,27.9,74.0
2023-05-12,杭州,118.2,193.1,31.5,32.2,13.4,27.9,154.0
2023-05-12,成都,56.0,100.5,68.0,37.3,14.3,27.9,94.0
2023-05-12,武汉,70.8,125.7,89.3,14.6,13.6,27.9,121.0
2023-05-12,西安,59.5,102.9,62.7,28.8,14.1,27.9,96.0
2023-05-12,南京,12.4,23.9,72.7,52.6,23.0,27.9,44.0
2023-05-12,重庆,46.4,77.5,85.7,18.5,3.6,27.9,90.0
2023-05-13,北京,,69.2,48.4,19.9,19.8,28.2,70.0
2023-05-13,上海,32.0,60.0,45.0,27.0,12.0,28.2,56.0
2023-05-13,广州,,114.4,77.8,57.4,11.3,28.2,112.0
2023-05-13,深圳,33.8,61.4,56.5,51.4,13.2,28.2,63.0
2023-05-13,杭州,51.8,89.5,56.5,28.2,10.2,28.2,85.0
2023-05-13,成都,39.0,70.4,33.4,25.9,9.4,28.2,60.0
2023-05-13,武汉,50.6,87.6,52.0,34.1,5.9,28.2,82.0
2023-05-13,西安,92.1,154.1,63.4,38.4,16.2,28.2,136.0
2023-05-13,南京,79.8,130.6,61.7,3.6,13.3,28.2,120.0
2023-05-13,重庆,68.4,112.2,70.7,27.6,9.3,28.2,110.0
2023-05-14,北京,65.0,111.3,51.9,20.4,11.0,28.4,99.0
2023-05-14,上海,73.1,117.1,71.7,42.2,8.5,28.4,116.0
2023-05-14,广州,68.9,107.9,40.2,45.9,7.0,28.4,99.0
2023-05-14,深圳,64.2,97.0,74.8,22.7,19.9,28.4,107.0
2023-05-14,杭州,61.8,106.2,46.6,40.1,2.7,28.4,93.0
2023-05-14,成都,35.2,60.6,106.4,32.0,3.3,28.4,85.0
2023-05-14,武汉,80.5,133.4,45.6,21.0,6.7,28.4,115.0
2023-05-14,西安,67.8,102.8,,37.7,20.0,28.4,97.0
2023-05-14,南京,56.4,98.4,51.3,32.3,6.8,28.4,88.0
2023-05-14,重庆,80.0,119.4,89.8,49.7,12.8,28.4,132.0
2023-05-15,北京,4.5,13.8,46.8,2.7,20.4,28.7,24.0
2023-05-15,上海,54.8,88.1,64.7,25.2,14.3,28.7,92.0
2023-05-15,广州,70.1,115.1,80.9,9.3,6.4,28.7,116.0
2023-05-15,深圳,69.8,117.8,66.5,19.3,14.7,28.7,110.0
2023-05-15,杭州,70.4,119.8,60.7,50.4,-1.6,28.7,109.0
2023-05-15,成都,51.4,96.2,57.9,28.8,10.8,28.7,85.0
2023-05-15,武汉,77.8,119.7,65.7,28.7,13.1,28.7,120.0
2023-05-15,西安,30.6,55.6,33.6,42.9,7.1,28.7,50.0
2023-05-15,南京,54.8,93.5,57.4,52.2,9.9,28.7,89.0
2023-05-15,重庆,94.3,149.1,72.4,35.0,8.6,28.7,142.0
2023-05-16,北京,69.8,117.2,48.3,36.8,3.3,28.9,103.0
2023-05-16,上海,105.0,159.6,73.4,10.0,12.9,28.9,155.0
2023-05-16,广州,97.4,161.5,60.3,42.0,3.3,28.9,141.0
2023-05-16,深圳,40.9,76.5,73.8,11.6,9.0,28.9,79.0
2023-05-16,杭州,,107.9,49.5,45.7,7.8,28.9,98.0
2023-05-16,成都,69.1,114.3,78.5,26.1,5.2,28.9,114.0
2023-05-16,武汉,52.3,85.3,74.4,42.8,8.5,28.9,93.0
2023-05-16,西安,62.7,102.9,33.0,33.2,16.6,28.9,88.0
2023-05-16,南京,60.0,95.9,89.8,37.5,16.5,28.9,108.0
2023-05-16,重庆,30.9,51.7,30.9,38.4,19.4,28.9,49.0
2023-05-17,北京,45.0,82.3,47.0,30.3,11.4,29.2,73.0
2023-05-17,上海,90.5,148.6,71.0,47.0,7.9,29.2,137.0
2023-05-17,广州,75.4,126.5,41.7,37.9,5.9,29.2,107.0
2023-05-17,深圳,44.2,70.0,59.4,51.2,22.7,29.2,77.0
2023-05-17,杭州,78.6,123.8,30.2,24.3,9.3,29.2,106.0
2023-05-17,成都,57.5,90.1,77.4,22.2,3.5,29.2,100.0
2023-05-17,武汉,54.4,91.9,,32.6,18.6,29.2,82.0
2023-05-17,西安,34.0,68.5,73.0,49.3,6.7,29.2,70.0
2023-05-17,南京,68.4,112.6,62.3,29.2,6.7,29.2,107.0
2023-05-17,重庆,63.0,104.0,65.0,66.5,16.3,29.2,102.0
2023-05-18,北京,61.9,102.3,75.2,19.9,14.1,29.4,104.0
2023-05-18,上海,30.6,58.5,85.5,38.7,12.1,29.4,71.0
2023-05-18,广州,60.2,96.1,25.5,22.1,13.0,29.4,82.0
2023-05-18,深圳,70.7,114.1,52.1,46.6,11.4,29.4,106.0
2023-05-18,杭州,74.5,124.6,103.7,60.0,10.6,29.4,131.0
2023-05-18,成都,85.8,138.2,30.4,35.4,14.0,29.4,115.0
2023-05-18,武汉,60.9,110.2,81.3,26.0,14.5,29.4,106.0
2023-05-18,西安,55.4,96.5,54.9,62.9,13.4,29.4,88.0
2023-05-18,南京,50.4,87.5,23.3,35.2,12.8,29.4,70.0
2023-05-18,重庆,96.9,155.9,72.2,24.3,8.6,29.4,145.0
2023-05-19,北京,46.0,84.0,,43.0,10.3,29.6,67.0
2023-05-19,上海,31.1,56.3,51.3,25.5,7.0,29.6,58.0
2023-05-19,广州,66.8,116.2,66.5,45.0,4.4,29.6,107.0
2023-05-19,深圳,55.4,93.3,85.7,9.9,10.3,29.6,101.0
2023-05-19,杭州,75.3,123.9,78.7,35.8,19.3,29.6,122.0
2023-05-19,成都,50.6,91.1,57.2,32.6,8.8,29.6,84.0
2023-05-19,武汉,64.8,99.1,76.7,37.4,19.0,29.6,108.0
2023-05-19,西安,-11.6,-8.7,79.8,43.0,20.1,29.6,18.0
2023-05-19,南京,84.9,136.4,43.9,33.9,15.8,29.6,119.0
2023-05-19,重庆,93.6,154.6,91.5,44.8,15.1,29.6,149.0
2023-05-20,北京,96.8,152.0,42.1,45.1,14.5,29.9,133.0
2023-05-20,上海,70.0,121.0,78.6,38.1,18.0,29.9,115.0
2023-05-20,广州,75.9,120.1,48.6,32.1,12.1,29.9,111.0
2023-05-20,深圳,47.8,81.5,40.5,14.7,14.4,29.9,74.0
2023-05-20,杭州,68.6,120.0,62.9,33.3,11.5,29.9,107.0
2023-05-20,成都,35.7,65.9,42.1,51.2,8.2,29.9,60.0
2023-05-20,武汉,70.2,104.7,53.1,46.7,17.4,29.9,105.0
2023-05-20,西安,54.8,102.5,80.8,21.4,2.8,29.9,98.0
2023-05-20,南京,54.5,84.3,49.4,34.6,14.6,29.9,85.0
2023-05-20,重庆,54.7,89.9,,33.6,8.9,29.9,92.0
2023-05-21,北京,70.4,112.0,95.4,35.5,24.0,30.1,123.0
2023-05-21,上海,38.1,76.0,80.5,29.1,-0.5,30.1,78.0
2023-05-21,广州,58.5,92.0,71.1,42.6,10.1,30.1,99.0
2023-05-21,深圳,73.3,119.8,95.0,42.2,21.2,30.1,126.0
2023-05-21,杭州,29.4,57.4,120.5,33.9,8.8,30.1,83.0
2023-05-21,成都,102.5,166.4,51.9,58.1,13.6,30.1,144.0
2023-05-21,武汉,,68.2,77.7,36.5,-2.5,30.1,83.0
2023-05-21,西安,,162.1,79.9,10.8,16.6,30.1,150.0
2023-05-21,南京,60.3,98.1,27.3,47.3,4.5,30.1,83.0
2023-05-21,重庆,79.6,124.2,45.2,40.3,10.3,30.1,114.0
2023-05-22,北京,70.9,117.6,84.9,40.5,8.2,30.3,119.0
2023-05-22,上海,56.2,92.4,74.4,33.9,9.8,30.3,97.0
2023-05-22,广州,46.3,75.5,36.9,38.8,3.4,30.3,70.0
2023-05-22,深圳,52.5,84.8,61.0,43.0,14.9,30.3,87.0
2023-05-22,杭州,97.9,162.1,72.1,14.0,13.8,30.3,146.0
2023-05-22,成都,43.6,74.7,44.7,17.8,17.9,30.3,70.0
2023-05-22,武汉,85.1,137.9,56.8,42.5,14.9,30.3,125.0
2023-05-22,西安,38.2,77.1,57.1,39.2,11.4,30.3,69.0
2023-05-22,南京,96.5,158.7,56.9,34.9,2.8,30.3,139.0
2023-05-22,重庆,91.6,153.0,55.1,45.7,11.5,30.3,132.0
2023-05-23,北京,60.7,106.2,71.8,27.3,2.2,30.6,102.0
2023-05-23,上海,78.5,130.4,82.7,21.5,19.2,30.6,127.0
2023-05-23,广州,42.8,82.3,81.6,50.1,12.0,30.6,84.0
2023-05-23,深圳,92.9,147.3,53.5,32.9,17.2,30.6,133.0
2023-05-23,杭州,9.3,19.2,77.2,48.3,10.0,30.6,42.0
2023-05-23,成都,31.6,54.7,74.7,43.9,8.1,30.6,68.0
2023-05-23,武汉,64.2,111.1,47.6,33.3,7.3,30.6,96.0
2023-05-23,西安,111.0,166.1,55.2,39.3,10.9,30.6,155.0
2023-05-23,南京,62.0,102.9,78.5,28.7,14.3,30.6,106.0
2023-05-23,重庆,57.6,102.0,49.3,33.2,4.0,30.6,89.0
2023-05-24,北京,58.0,107.3,83.3,25.3,13.3,30.8,103.0
2023-05-24,上海,73.3,121.7,3.3,36.0,14.8,30.8,89.0
2023-05-24,广州,,98.3,58.2,31.8,6.3,30.8,92.0
2023-05-24,深圳,62.4,109.5,91.3,33.4,4.6,30.8,111.0
2023-05-24,杭州,17.9,38.8,87.6,16.6,14.9,30.8,57.0
2023-05-24,成都,29.2,50.8,46.7,21.4,16.4,30.8,54.0
2023-05-24,武汉,48.4,92.2,43.6,57.0,4.8,30.8,76.0
2023-05-24,西安,,112.6,25.4,39.0,13.0,30.8,91.0
2023-05-24,南京,58.0,92.7,45.8,42.5,10.2,30.8,88.0
2023-05-24,重庆,66.6,112.6,38.3,34.7,2.1,30.8,95.0
2023-05-25,北京,35.1,54.6,64.9,28.6,12.4,31.0,68.0
2023-05-25,上海,97.7,153.6,56.4,16.0,17.7,31.0,140.0
2023-05-25,广州,43.7,76.4,52.3,32.5,7.3,31.0,73.0
2023-05-25,深圳,44.9,75.9,70.8,31.1,9.5,31.0,82.0
2023-05-25,杭州,92.6,138.9,58.4,51.4,19.1,31.0,134.0
2023-05-25,成都,94.3,155.1,74.2,22.6,7.7,31.0,143.0
2023-05-25,武汉,71.8,122.4,49.7,44.1,13.3,31.0,106.0
2023-05-25,西安,45.8,83.8,41.9,14.0,11.4,31.0,72.0
2023-05-25,南京,62.5,103.6,49.2,51.7,11.1,31.0,95.0
2023-05-25,重庆,90.2,150.6,34.9,46.6,17.1,31.0,122.0
2023-05-26,北京,18.8,28.9,41.6,9.2,20.9,31.2,39.0
2023-05-26,上海,78.2,132.1,63.0,38.9,16.0,31.2,119.0
2023-05-26,广州,53.4,97.9,30.7,15.2,15.3,31.2,76.0
2023-05-26,深圳,78.6,129.4,61.0,38.6,7.5,31.2,119.0
2023-05-26,杭州,37.8,65.3,69.7,44.9,14.8,31.2,73.0
2023-05-26,成都,-3.1,5.2,82.2,24.2,21.7,31.2,29.0
2023-05-26,武汉,56.9,96.0,19.0,18.9,9.5,31.2,76.0
2023-05-26,西安,80.5,134.6,73.5,44.8,15.0,31.2,126.0
2023-05-26,南京,136.1,218.2,88.8,49.2,8.9,31.2,199.0
2023-05-26,重庆,29.7,54.1,74.6,19.9,20.9,31.2,65.0
2023-05-27,北京,19.6,40.3,99.9,50.9,10.7,31.4,63.0
2023-05-27,上海,31.0,62.7,49.9,23.8,6.9,31.4,57.0
2023-05-27,广州,65.5,111.7,76.5,35.5,11.7,31.4,109.0
2023-05-27,深圳,85.5,133.9,76.8,22.2,3.4,31.4,133.0
2023-05-27,杭州,47.9,80.6,81.0,29.7,12.6,31.4,90.0
2023-05-27,成都,56.5,92.7,55.4,13.8,8.5,31.4,90.0
2023-05-27,武汉,66.7,115.1,69.2,29.9,8.3,31.4,108.0
2023-05-27,西安,68.8,114.2,44.2,22.7,18.2,31.4,100.0
2023-05-27,南京,49.5,94.1,66.9,23.6,-1.0,31.4,86.0
2023-05-27,重庆,76.6,124.6,-19.1,25.4,6.5,31.4,84.0
2023-05-28,北京,43.0,77.5,29.2,23.8,15.5,31.6,63.0
2023-05-28,上海,12.2,40.4,80.0,46.1,9.1,31.6,47.0
2023-05-28,广州,83.4,138.0,36.3,42.1,14.3,31.6,115.0
2023-05-28,深圳,40.4,77.4,70.5,35.0,12.6,31.6,77.0
2023-05-28,杭州,75.0,126.5,47.2,34.1,1.5,31.6,109.0
2023-05-28,成都,57.0,89.6,106.0,29.6,3.6,31.6,111.0
2023-05-28,武汉,23.3,46.8,90.6,38.7,1.7,31.6,64.0
2023-05-28,西安,64.1,98.7,54.4,20.6,19.1,31.6,99.0
2023-05-28,南京,59.2,105.1,61.8,8.4,7.9,31.6,96.0
2023-05-28,重庆,50.3,85.8,82.0,65.9,8.3,31.6,93.0
2023-05-29,北京,59.6,96.4,92.2,55.3,10.5,31.8,108.0
2023-05-29,上海,38.6,67.5,88.2,11.7,14.2,31.8,82.0
2023-05-29,广州,58.5,100.6,99.3,38.9,8.4,31.8,110.0
2023-05-29,深圳,58.3,96.4,70.4,57.2,4.1,31.8,98.0
2023-05-29,杭州,83.4,134.1,73.8,32.1,23.3,31.8,130.0
2023-05-29,成都,56.4,96.7,27.7,49.9,16.5,31.8,79.0
2023-05-29,武汉,65.4,106.6,83.2,48.5,15.8,31.8,112.0
2023-05-29,西安,,119.5,102.1,35.3,18.0,31.8,124.0
2023-05-29,南京,94.0,155.6,69.7,28.5,13.6,31.8,141.0
2023-05-29,重庆,86.3,144.6,52.4,44.3,12.9,31.8,125.0
2023-05-30,北京,62.1,103.2,54.4,49.8,20.8,32.0,96.0
2023-05-30,上海,53.9,93.3,63.0,29.7,2.6,32.0,90.0
2023-05-30,广州,68.6,127.8,91.6,28.4,16.3,32.0,119.0
2023-05-30,深圳,90.9,143.5,67.6,51.7,18.3,32.0,136.0
2023-05-30,杭州,38.9,67.8,51.8,28.8,12.9,32.0,67.0
2023-05-30,成都,21.4,40.7,44.9,33.6,1.9,32.0,44.0
2023-05-30,武汉,75.0,121.2,81.2,22.9,16.2,32.0,122.0
2023-05-30,西安,52.6,96.7,49.4,40.1,21.0,32.0,83.0
2023-05-30,南京,92.1,145.2,82.1,34.9,7.1,32.0,143.0
2023-05-30,重庆,62.4,110.8,57.6,45.4,10.7,32.0,98.0
2023-05-31,北京,45.6,84.4,79.0,39.3,10.6,32.1,86.0
2023-05-31,上海,61.8,102.2,82.1,20.2,5.3,32.1,107.0
2023-05-31,广州,79.9,120.2,56.1,4.7,11.6,32.1,118.0
2023-05-31,深圳,35.2,70.2,,45.6,10.0,32.1,82.0
2023-05-31,杭州,65.9,104.3,84.6,21.2,19.0,32.1,113.0
2023-05-31,成都,35.1,50.8,62.1,16.9,10.3,32.1,67.0
2023-05-31,武汉,98.4,161.0,93.5,45.5,10.4,32.1,155.0
2023-05-31,西安,55.1,96.7,67.3,27.7,16.2,32.1,93.0
2023-05-31,南京,23.5,55.2,75.8,41.7,6.2,32.1,59.0
2023-05-31,重庆,63.3,112.8,38.7,13.1,10.2,32.1,91.0
2023-06-01,北京,97.5,153.4,53.2,30.4,16.9,32.3,138.0
2023-06-01,上海,29.1,48.1,38.5,43.0,7.5,32.3,50.0
2023-06-01,广州,48.3,80.4,42.0,39.9,11.5,32.3,75.0
2023-06-01,深圳,92.1,151.0,26.5,10.1,14.3,32.3,121.0
2023-06-01,杭州,88.0,143.6,69.8,44.8,14.7,32.3,134.0
2023-06-01,成都,58.0,104.7,82.0,49.3,-3.2,32.3,102.0
2023-06-01,武汉,61.9,104.4,21.8,45.0,10.9,32.3,83.0
2023-06-01,西安,46.9,78.3,53.5,39.3,9.9,32.3,78.0
2023-06-01,南京,63.7,101.2,83.2,34.7,7.6,32.3,110.0
2023-06-01,重庆,57.4,98.6,65.4,36.7,8.0,32.3,95.0
2023-06-02,北京,53.2,94.7,64.8,39.3,19.9,32.5,90.0
2023-06-02,上海,83.1,135.4,67.0,32.3,12.7,32.5,127.0
2023-06-02,广州,75.0,120.3,87.0,46.8,11.3,32.5,125.0
2023-06-02,深圳,63.6,110.1,66.2,27.2,9.9,32.5,103.0
2023-06-02,杭州,97.1,153.6,63.1,37.8,22.9,32.5,142.0
2023-06-02,成都,105.7,165.4,51.4,32.6,20.2,32.5,147.0
2023-06-02,武汉,44.6,68.5,69.4,36.9,6.6,32.5,81.0
2023-06-02,西安,35.1,58.6,90.1,25.9,15.9,32.5,78.0
2023-06-02,南京,63.1,115.3,58.4,18.4,21.0,32.5,99.0
2023-06-02,重庆,106.5,166.7,53.6,36.9,10.7,32.5,149.0
2023-06-03,北京,76.2,116.9,34.9,33.6,14.6,32.6,105.0
2023-06-03,上海,77.2,123.6,82.2,28.5,8.0,32.6,126.0
2023-06-03,广州,44.6,72.2,79.0,29.4,6.7,32.6,85.0
2023-06-03,深圳,56.3,95.3,88.6,42.4,15.8,32.6,103.0
2023-06-03,杭州,24.5,51.9,88.7,35.5,9.5,32.6,65.0
2023-06-03,成都,24.5,44.5,68.0,21.2,14.7,32.6,57.0
2023-06-03,武汉,,78.2,80.8,25.8,21.0,32.6,92.0
2023-06-03,西安,38.3,65.5,73.3,46.9,19.6,32.6,75.0
2023-06-03,南京,59.9,90.7,79.2,32.5,13.9,32.6,104.0
2023-06-03,重庆,54.5,88.2,86.7,38.2,11.7,32.6,100.0
2023-06-04,北京,86.0,136.2,46.8,38.3,8.7,32.8,122.0
2023-06-04,上海,72.9,123.2,47.7,64.9,10.4,32.8,107.0
2023-06-04,广州,23.4,42.3,72.6,26.7,14.0,32.8,57.0
2023-06-04,深圳,34.3,67.2,106.0,30.4,14.2,32.8,84.0
2023-06-04,杭州,47.4,80.7,57.1,39.2,14.5,32.8,80.0
2023-06-04,成都,39.8,78.6,43.3,52.2,15.4,32.8,65.0
2023-06-04,武汉,73.5,124.0,15.7,19.3,3.2,32.8,94.0
2023-06-04,西安,109.9,174.1,65.5,35.5,10.8,32.8,158.0
2023-06-04,南京,87.3,140.4,83.5,26.5,-1.9,32.8,138.0
2023-06-04,重庆,22.3,43.2,96.5,43.0,20.1,32.8,65.0
2023-06-05,北京,86.5,136.1,73.1,32.3,10.5,33.0,133.0
2023-06-05,上海,28.9,52.2,74.6,26.7,16.2,33.0,65.0
2023-06-05,广州,29.7,60.2,77.8,12.3,17.9,33.0,67.0
2023-06-05,深圳,30.6,63.4,102.2,41.8,10.3,33.0,78.0
2023-06-05,杭州,99.0,157.1,51.8,36.2,15.0,33.0,140.0
2023-06-05,成都,81.7,120.6,46.2,33.2,18.6,33.0,117.0
2023-06-05,武汉,37.4,69.3,63.3,41.5,10.9,33.0,70.0
2023-06-05,西安,79.0,133.9,77.1,56.4,18.3,33.0,126.0
2023-06-05,南京,73.3,122.9,86.1,24.3,9.6,33.0,122.0
2023-06-05,重庆,55.7,92.2,50.0,34.2,7.9,33.0,87.0
2023-06-06,北京,89.8,141.0,74.3,42.1,4.1,33.1,137.0
2023-06-06,上海,49.6,81.7,78.1,22.5,10.8,33.1,91.0
2023-06-06,广州,53.4,91.9,60.9,52.8,15.7,33.1,88.0
2023-06-06,深圳,22.4,35.6,54.2,30.2,12.0,33.1,49.0
2023-06-06,杭州,58.2,104.0,61.8,45.9,11.2,33.1,95.0
2023-06-06,成都,118.7,195.0,85.9,44.3,4.0,33.1,177.0
2023-06-06,武汉,27.1,58.7,59.6,36.3,18.1,33.1,56.0
2023-06-06,西安,59.3,96.5,53.7,45.7,7.8,33.1,93.0
2023-06-06,南京,30.5,57.2,76.1,39.3,17.0,33.1,67.0
2023-06-06,重庆,46.7,76.5,56.7,49.2,4.5,33.1,79.0
2023-06-07,北京,63.1,96.5,43.5,35.4,9.9,33.2,93.0
2023-06-07,上海,45.1,76.6,51.9,35.0,13.9,33.2,75.0
2023-06-07,广州,62.8,99.9,,26.2,11.8,33.2,104.0
2023-06-07,深圳,46.1,78.3,69.5,31.1,10.8,33.2,83.0
2023-06-07,杭州,54.2,97.7,63.6,22.3,5.1,33.2,90.0
2023-06-07,成都,84.2,139.0,96.4,40.6,17.7,33.2,140.0
2023-06-07,武汉,60.7,106.2,79.4,37.5,10.5,33.2,105.0
2023-06-07,西安,-2.8,0.4,72.1,25.9,15.3,33.2,25.0
2023-06-07,南京,66.5,111.6,34.4,16.2,13.4,33.2,94.0
2023-06-07,重庆,24.8,43.0,55.7,39.7,16.9,33.2,52.0
2023-06-08,北京,88.5,142.3,76.4,36.6,8.6,33.4,137.0
2023-06-08,上海,54.1,91.7,74.8,19.6,14.0,33.4,95.0
2023-06-08,广州,128.2,211.9,47.5,31.7,16.6,33.4,173.0
2023-06-08,深圳,44.9,78.2,71.4,34.6,10.5,33.4,82.0
2023-06-08,杭州,101.5,162.6,69.4,41.0,22.1,33.4,150.0
2023-06-08,成都,67.4,123.7,77.5,35.1,14.8,33.4,112.0
2023-06-08,武汉,65.6,104.2,104.0,2.0,22.1,33.4,120.0
2023-06-08,西安,79.7,125.0,72.6,33.8,10.9,33.4,125.0
2023-06-08,南京,75.8,116.8,53.1,39.1,13.2,33.4,112.0
2023-06-08,重庆,82.2,124.4,81.0,19.6,12.6,33.4,131.0
2023-06-09,北京,60.6,100.7,59.2,38.3,8.5,33.5,96.0
2023-06-09,上海,52.6,86.4,63.2,49.0,8.5,33.5,88.0
2023-06-09,广州,96.9,152.4,59.4,54.1,9.0,33.5,140.0
2023-06-09,深圳,73.2,119.4,50.2,36.7,9.1,33.5,108.0
2023-06-09,杭州,55.9,93.2,39.2,21.3,4.6,33.5,83.0
2023-06-09,成都,61.6,109.6,51.3,72.1,16.4,33.5,94.0
2023-06-09,武汉,91.0,155.8,45.4,35.4,21.7,33.5,127.0
2023-06-09,西安,76.7,127.2,65.0,33.0,9.8,33.5,118.0
2023-06-09,南京,46.7,73.9,74.3,37.0,10.2,33.5,86.0
2023-06-09,重庆,65.9,108.2,67.5,21.9,7.6,33.5,106.0
2023-06-10,北京,47.5,77.7,63.7,58.2,16.2,33.6,82.0
2023-06-10,上海,50.2,88.5,20.9,22.2,15.2,33.6,69.0
2023-06-10,广州,47.3,83.0,60.7,34.3,13.3,33.6,81.0
2023-06-10,深圳,55.7,93.2,87.5,60.2,9.8,33.6,102.0
2023-06-10,杭州,45.5,79.6,23.0,32.4,9.8,33.6,64.0
2023-06-10,成都,28.3,43.9,50.7,38.0,-2.6,33.6,54.0
2023-06-10,武汉,51.8,93.5,,34.4,8.7,33.6,89.0
2023-06-10,西安,81.3,125.3,80.2,49.2,10.8,33.6,130.0
2023-06-10,南京,51.2,83.0,73.1,36.9,1.0,33.6,91.0
2023-06-10,重庆,88.2,146.9,52.4,23.7,22.4,33.6,127.0
2023-06-11,北京,46.6,79.9,96.9,51.2,17.1,33.8,95.0
2023-06-11,上海,62.9,101.6,83.4,40.2,8.5,33.8,109.0
2023-06-11,广州,36.9,65.1,39.5,41.9,10.1,33.8,60.0
2023-06-11,深圳,107.1,165.1,78.0,36.7,10.3,33.8,160.0
2023-06-11,杭州,,77.0,70.9,13.8,10.7,33.8,82.0
2023-06-11,成都,92.1,147.1,57.9,52.0,3.2,33.8,134.0
2023-06-11,武汉,62.2,100.6,82.8,24.3,11.5,33.8,108.0
2023-06-11,西安,62.7,104.5,65.3,33.4,14.3,33.8,101.0
2023-06-11,南京,39.4,65.8,55.7,30.1,14.6,33.8,70.0
2023-06-11,重庆,80.2,130.9,48.9,37.4,9.7,33.8,116.0
2023-06-12,北京,31.8,59.7,54.4,40.0,20.0,33.9,60.0
2023-06-12,上海,77.5,121.3,43.0,55.4,17.3,33.9,110.0
2023-06-12,广州,76.0,124.4,93.8,39.8,10.5,33.9,129.0
2023-06-12,深圳,66.2,109.6,117.3,40.3,2.2,33.9,126.0
2023-06-12,杭州,76.9,123.6,83.2,55.7,14.5,33.9,126.0
2023-06-12,成都,76.6,125.7,60.4,42.9,9.6,33.9,116.0
2023-06-12,武汉,57.6,94.9,72.9,48.3,19.7,33.9,98.0
2023-06-12,西安,50.6,90.6,73.8,43.6,14.2,33.9,90.0
2023-06-12,南京,98.9,154.0,68.9,42.5,15.5,33.9,146.0
2023-06-12,重庆,,20.1,66.6,38.3,11.7,33.9,31.0
2023-06-13,北京,73.4,124.5,63.9,42.3,17.9,34.0,114.0
2023-06-13,上海,,118.4,44.7,49.4,18.1,34.0,114.0
2023-06-13,广州,31.9,57.4,42.9,54.1,15.0,34.0,55.0
2023-06-13,深圳,94.2,146.8,54.7,32.8,8.2,34.0,135.0
2023-06-13,杭州,66.9,103.7,73.5,11.0,6.8,34.0,110.0
2023-06-13,成都,36.0,66.1,96.1,49.8,14.8,34.0,82.0
2023-06-13,武汉,58.6,96.5,56.7,23.6,12.9,34.0,93.0
2023-06-13,西安,47.7,67.1,85.7,14.2,14.5,34.0,92.0
2023-06-13,南京,53.1,85.7,93.1,44.7,15.7,34.0,101.0
2023-06-13,重庆,100.2,157.9,27.1,26.5,10.4,34.0,131.0
2023-06-14,北京,114.2,191.7,68.0,27.3,8.0,34.1,164.0
2023-06-14,上海,49.6,80.7,22.1,41.0,12.5,34.1,68.0
2023-06-14,广州,68.7,106.9,84.3,36.0,7.2,34.1,116.0
2023-06-14,深圳,64.2,105.3,42.2,26.3,10.9,34.1,94.0
2023-06-14,杭州,82.1,138.5,82.4,45.4,13.5,34.1,131.0
2023-06-14,成都,63.4,113.5,69.6,37.2,22.9,34.1,104.0
2023-06-14,武汉,61.9,93.8,37.8,35.4,7.0,34.1,89.0
2023-06-14,西安,64.4,103.8,54.7,24.7,19.3,34.1,99.0
2023-06-14,南京,69.8,117.6,59.1,26.6,9.3,34.1,107.0
2023-06-14,重庆,70.5,104.7,84.4,39.3,8.8,34.1,118.0
2023-06-15,北京,38.8,66.0,89.9,37.1,13.7,34.2,83.0
2023-06-15,上海,78.0,132.3,99.8,50.4,13.7,34.2,134.0
2023-06-15,广州,45.7,76.9,54.3,31.0,11.4,34.2,77.0
2023-06-15,深圳,26.2,41.3,60.6,37.5,11.1,34.2,56.0
2023-06-15,杭州,92.7,152.1,98.0,30.3,11.8,34.2,150.0
2023-06-15,成都,55.4,105.9,,31.1,11.7,34.2,79.0
2023-06-15,武汉,75.4,126.6,88.9,47.5,14.4,34.2,126.0
2023-06-15,西安,39.6,71.6,65.4,15.9,14.4,34.2,74.0
2023-06-15,南京,77.8,125.7,66.0,8.6,11.2,34.2,120.0
2023-06-15,重庆,40.4,71.5,41.8,39.1,8.1,34.2,65.0
2023-06-16,北京,97.0,161.7,72.0,16.5,16.3,34.3,145.0
2023-06-16,上海,23.4,55.6,84.4,41.0,17.9,34.3,62.0
2023-06-16,广州,28.6,49.4,43.1,40.2,16.3,34.3,52.0
2023-06-16,深圳,80.2,131.6,77.5,25.9,14.8,34.3,127.0
2023-06-16,杭州,42.6,74.2,19.8,5.9,15.2,34.3,59.0
2023-06-16,成都,37.3,66.1,67.8,50.6,15.2,34.3,72.0
2023-06-16,武汉,30.9,61.6,59.6,34.2,8.1,34.3,61.0
2023-06-16,西安,26.8,39.7,59.8,27.3,16.1,34.3,56.0
2023-06-16,南京,33.9,53.1,75.6,45.8,2.4,34.3,71.0
2023-06-16,重庆,92.3,145.7,,20.9,7.6,34.3,139.0
2023-06-17,北京,50.0,80.9,77.9,71.4,10.8,34.4,91.0
2023-06-17,上海,45.9,85.5,105.9,49.0,12.4,34.4,97.0
2023-06-17,广州,80.3,131.3,122.0,33.2,7.6,34.4,145.0
2023-06-17,深圳,25.9,50.6,110.8,33.0,18.9,34.4,75.0
2023-06-17,杭州,86.8,138.8,60.2,36.6,9.3,34.4,128.0
2023-06-17,成都,76.3,130.7,56.9,50.1,15.9,34.4,114.0
2023-06-17,武汉,17.1,39.5,24.1,28.9,16.3,34.4,30.0
2023-06-17,西安,32.4,52.7,49.5,33.5,13.9,34.4,59.0
2023-06-17,南京,51.9,84.0,85.2,28.1,15.7,34.4,96.0
2023-06-17,重庆,73.8,117.3,74.2,40.4,18.4,34.4,118.0
2023-06-18,北京,59.4,98.2,52.4,37.8,18.9,34.5,92.0
2023-06-18,上海,,47.4,66.3,32.5,12.1,34.5,61.0
2023-06-18,广州,92.4,150.7,52.4,48.7,8.2,34.5,132.0
2023-06-18,深圳,78.1,124.5,98.0,45.0,11.2,34.5,133.0
2023-06-18,杭州,51.9,84.4,91.4,35.8,12.6,34.5,99.0
2023-06-18,成都,77.0,119.8,49.2,46.9,10.0,34.5,112.0
2023-06-18,武汉,75.1,124.7,58.8,30.9,10.3,34.5,114.0
2023-06-18,西安,56.9,96.9,84.4,52.3,18.5,34.5,102.0
2023-06-18,南京,56.5,103.9,53.4,20.2,19.2,34.5,89.0
2023-06-18,重庆,73.7,122.7,46.0,55.4,16.7,34.5,107.0
2023-06-19,北京,49.1,85.4,36.3,44.3,13.6,34.5,73.0
2023-06-19,上海,11.0,24.9,43.6,39.0,4.2,34.5,31.0
2023-06-19,广州,60.5,95.0,44.5,27.7,8.5,34.5,90.0
2023-06-19,深圳,39.6,77.9,88.9,47.8,17.3,34.5,83.0
2023-06-19,杭州,75.6,127.6,46.0,16.2,18.1,34.5,109.0
2023-06-19,成都,84.3,133.0,,16.5,14.6,34.5,124.0
2023-06-19,武汉,77.9,124.9,62.3,28.9,7.2,34.5,118.0
2023-06-19,西安,58.0,92.4,75.4,44.9,19.2,34.5,100.0
2023-06-19,南京,60.1,104.7,73.6,20.1,9.9,34.5,102.0
2023-06-19,重庆,65.3,111.6,73.3,36.9,6.3,34.5,108.0
2023-06-20,北京,40.9,73.7,67.1,28.4,3.3,34.6,76.0
2023-06-20,上海,50.0,83.2,52.4,50.0,6.4,34.6,81.0
2023-06-20,广州,49.3,84.1,58.8,40.4,22.2,34.6,83.0
2023-06-20,深圳,32.5,50.1,88.4,42.8,4.9,34.6,74.0
2023-06-20,杭州,24.7,38.2,68.8,28.7,-0.3,34.6,57.0
2023-06-20,成都,94.1,153.6,49.3,34.5,-2.3,34.6,133.0
2023-06-20,武汉,104.4,171.1,53.9,41.9,14.4,34.6,147.0
2023-06-20,西安,63.3,97.3,30.8,27.6,13.7,34.6,88.0
2023-06-20,南京,55.3,94.0,101.1,39.1,14.7,34.6,107.0
2023-06-20,重庆,33.7,61.3,54.7,27.6,18.1,34.6,62.0
2023-06-21,北京,69.7,114.7,58.9,49.1,4.9,34.7,107.0
2023-06-21,上海,52.4,89.4,88.3,40.9,9.8,34.7,98.0
2023-06-21,广州,47.6,78.7,36.5,43.0,10.0,34.7,72.0
2023-06-21,深圳,40.2,73.1,64.8,26.1,16.6,34.7,74.0
2023-06-21,杭州,53.5,90.7,74.4,47.9,11.7,34.7,94.0
2023-06-21,成都,15.8,27.7,78.1,28.7,14.4,34.7,50.0
2023-06-21,武汉,37.2,75.0,46.5,31.4,23.9,34.7,63.0
2023-06-21,西安,39.3,79.8,55.2,33.8,11.1,34.7,69.0
2023-06-21,南京,,90.0,66.5,19.5,14.6,34.7,97.0
2023-06-21,重庆,29.9,53.2,33.0,49.9,12.1,34.7,49.0
2023-06-22,北京,59.4,100.1,42.1,35.8,4.3,34.7,88.0
2023-06-22,上海,35.2,63.3,65.1,50.9,20.6,34.7,68.0
2023-06-22,广州,27.3,54.8,,41.2,12.7,34.7,54.0
2023-06-22,深圳,57.7,94.1,126.4,37.8,14.3,34.7,120.0
2023-06-22,杭州,63.7,101.4,53.7,23.7,11.1,34.7,98.0
2023-06-22,成都,56.8,90.7,59.8,34.8,14.8,34.7,92.0
2023-06-22,武汉,58.3,108.8,62.7,50.1,12.6,34.7,95.0
2023-06-22,西安,54.1,89.3,38.2,41.8,7.3,34.7,80.0
2023-06-22,南京,71.0,128.6,69.3,27.1,8.9,34.7,113.0
2023-06-22,重庆,47.2,84.7,28.0,38.7,12.1,34.7,68.0
2023-06-23,北京,77.1,123.0,122.2,31.9,7.2,34.8,141.0
2023-06-23,上海,47.9,81.3,27.5,43.2,10.0,34.8,68.0
2023-06-23,广州,46.7,82.4,57.2,37.5,10.3,34.8,79.0
2023-06-23,深圳,21.7,42.3,30.3,65.2,9.2,34.8,38.0
2023-06-23,杭州,43.9,79.2,57.6,31.9,18.3,34.8,76.0
2023-06-23,成都,60.9,103.0,95.0,58.2,2.1,34.8,111.0
2023-06-23,武汉,54.5,95.2,37.2,15.8,7.2,34.8,80.0
2023-06-23,西安,79.0,125.6,71.6,18.9,7.4,34.8,123.0
2023-06-23,南京,,131.6,76.9,48.5,11.3,34.8,128.0
2023-06-23,重庆,66.7,113.5,100.5,24.0,12.9,34.8,120.0
2023-06-24,北京,45.8,76.5,53.7,24.7,15.8,34.8,76.0
2023-06-24,上海,65.7,104.4,71.2,35.4,11.3,34.8,107.0
2023-06-24,广州,78.0,125.1,75.6,18.7,8.3,34.8,124.0
2023-06-24,深圳,57.0,91.8,80.1,47.3,8.4,34.8,100.0
2023-06-24,杭州,63.7,112.9,56.9,28.1,1.2,34.8,99.0
2023-06-24,成都,16.0,31.6,70.7,39.8,20.0,34.8,47.0
2023-06-24,武汉,59.8,95.4,81.4,22.1,9.0,34.8,104.0
2023-06-24,西安,53.3,89.1,50.4,34.7,18.6,34.8,84.0
2023-06-24,南京,65.8,102.4,76.4,38.3,10.9,34.8,110.0
2023-06-24,重庆,61.6,102.8,69.3,35.1,13.0,34.8,102.0
2023-06-25,北京,,94.7,72.7,25.9,17.7,34.9,93.0
2023-06-25,上海,56.1,93.2,72.8,21.3,10.0,34.9,96.0
2023-06-25,广州,70.1,110.3,68.2,25.5,14.4,34.9,111.0
2023-06-25,深圳,41.3,77.7,95.2,34.5,0.9,34.9,88.0
2023-06-25,杭州,52.1,92.6,55.8,29.2,22.6,34.9,85.0
2023-06-25,成都,60.3,93.6,60.2,20.5,12.8,34.9,96.0
2023-06-25,武汉,55.1,97.2,72.6,45.0,13.8,34.9,95.0
2023-06-25,西安,60.8,103.3,68.9,21.0,13.2,34.9,101.0
2023-06-25,南京,52.9,86.3,51.5,34.6,3.4,34.9,84.0
2023-06-25,重庆,94.5,149.2,41.7,33.3,20.8,34.9,130.0
2023-06-26,北京,53.3,96.1,27.9,35.1,3.2,34.9,75.0
2023-06-26,上海,64.0,109.5,,40.3,14.7,34.9,98.0
2023-06-26,广州,48.1,81.6,29.4,35.5,11.7,34.9,69.0
2023-06-26,深圳,34.5,58.9,65.8,36.9,10.3,34.9,68.0
2023-06-26,杭州,48.4,77.5,73.8,21.9,16.0,34.9,88.0
2023-06-26,成都,60.4,104.8,76.5,42.0,10.1,34.9,103.0
2023-06-26,武汉,57.7,95.9,91.6,59.1,10.8,34.9,106.0
2023-06-26,西安,76.5,116.1,57.5,24.4,4.5,34.9,115.0
2023-06-26,南京,73.5,122.0,50.6,18.2,13.7,34.9,108.0
2023-06-26,重庆,,67.9,75.3,31.4,7.4,34.9,81.0
2023-06-27,北京,40.9,66.7,37.4,30.0,10.4,34.9,64.0
2023-06-27,上海,79.2,133.9,61.2,49.0,6.4,34.9,120.0
2023-06-27,广州,70.4,116.6,70.0,28.9,10.4,34.9,112.0
2023-06-27,深圳,68.1,109.2,93.7,37.2,20.3,34.9,119.0
2023-06-27,杭州,44.5,77.6,,51.3,10.0,34.9,90.0
2023-06-27,成都,42.3,73.3,84.0,54.2,7.8,34.9,84.0
2023-06-27,武汉,46.8,77.8,62.5,24.5,21.2,34.9,81.0
2023-06-27,西安,75.9,137.9,65.1,26.6,13.3,34.9,117.0
2023-06-27,南京,44.3,77.5,63.7,36.9,7.7,34.9,79.0
2023-06-27,重庆,70.8,113.9,53.4,38.5,14.4,34.9,106.0
2023-06-28,北京,63.0,102.2,59.8,22.0,13.3,35.0,100.0
2023-06-28,上海,16.0,39.9,70.2,28.0,15.3,35.0,47.0
2023-06-28,广州,,34.5,98.2,40.8,12.5,35.0,59.0
2023-06-28,深圳,80.0,125.7,71.4,21.4,15.0,35.0,125.0
2023-06-28,杭州,90.0,144.4,75.3,30.7,7.7,35.0,138.0
2023-06-28,成都,35.3,58.7,76.4,40.4,9.7,35.0,73.0
2023-06-28,武汉,48.1,77.6,70.3,31.5,6.3,35.0,86.0
2023-06-28,西安,105.7,159.7,53.3,34.8,9.5,35.0,148.0
2023-06-28,南京,76.7,125.1,79.8,27.5,13.6,35.0,124.0
2023-06-28,重庆,51.0,94.5,107.3,24.5,22.0,35.0,104.0
2023-06-29,北京,42.7,85.1,65.5,19.0,14.6,35.0,77.0
2023-06-29,上海,84.0,142.3,87.5,50.9,17.2,35.0,136.0
2023-06-29,广州,78.1,131.5,66.1,27.2,18.6,35.0,120.0
2023-06-29,深圳,73.3,122.1,100.7,36.3,-0.3,35.0,128.0
2023-06-29,杭州,56.0,99.4,43.8,30.5,15.2,35.0,85.0
2023-06-29,成都,57.6,102.8,56.2,26.3,18.6,35.0,92.0
2023-06-29,武汉,78.4,122.0,52.8,44.5,-1.9,35.0,115.0
2023-06-29,西安,80.8,135.2,52.9,49.9,6.0,35.0,118.0
2023-06-29,南京,37.7,65.7,62.0,39.1,16.6,35.0,70.0
2023-06-29,重庆,61.9,99.9,85.8,30.9,5.4,35.0,109.0
2023-06-30,北京,78.6,129.9,54.9,42.0,9.7,35.0,116.0
2023-06-30,上海,74.6,119.0,44.0,30.2,19.6,35.0,107.0
2023-06-30,广州,62.4,110.9,96.6,37.0,9.7,35.0,114.0
2023-06-30,深圳,68.4,99.5,88.9,49.2,14.3,35.0,118.0
2023-06-30,杭州,79.2,130.0,80.7,24.8,21.5,35.0,127.0
2023-06-30,成都,79.6,126.3,70.9,44.8,6.0,35.0,124.0
2023-06-30,武汉,55.0,100.6,76.5,38.1,13.6,35.0,97.0
2023-06-30,西安,61.0,103.9,47.3,33.6,11.0,35.0,92.0
2023-06-30,南京,52.4,89.8,91.1,23.9,12.7,35.0,99.0
2023-06-30,重庆,40.2,66.9,102.3,9.3,16.1,35.0,89.0
2023-07-01,北京,39.1,53.5,74.1,29.7,8.0,35.0,77.0
2023-07-01,上海,84.9,141.5,79.2,20.6,11.7,35.0,134.0
2023-07-01,广州,55.2,95.8,59.8,52.8,9.3,35.0,90.0
2023-07-01,深圳,79.3,129.4,72.9,25.0,26.6,35.0,124.0
2023-07-01,杭州,76.8,129.7,109.9,31.7,2.8,35.0,136.0
2023-07-01,成都,43.9,82.4,71.7,31.3,12.9,35.0,81.0
2023-07-01,武汉,9.9,30.6,101.3,39.9,10.6,35.0,52.0
2023-07-01,西安,59.3,97.2,67.3,47.2,14.7,35.0,98.0
2023-07-01,南京,,203.4,54.1,58.0,15.9,35.0,176.0
2023-07-01,重庆,52.9,91.0,58.7,27.6,14.1,35.0,87.0
2023-07-02,北京,48.5,85.9,53.6,49.5,14.1,35.0,80.0
2023-07-02,上海,55.3,98.1,74.2,37.8,12.4,35.0,96.0
2023-07-02,广州,89.8,152.1,82.5,48.4,13.4,35.0,141.0
2023-07-02,深圳,27.9,55.3,35.3,15.8,10.9,35.0,48.0
2023-07-02,杭州,88.8,136.3,109.9,19.9,1.5,35.0,151.0
2023-07-02,成都,42.2,71.1,,28.8,16.5,35.0,80.0
2023-07-02,武汉,43.3,74.0,76.4,49.5,11.6,35.0,83.0
2023-07-02,西安,49.4,91.1,88.0,18.8,19.3,35.0,94.0
2023-07-02,南京,45.0,81.4,57.7,36.1,-4.1,35.0,77.0
2023-07-02,重庆,53.3,88.6,55.4,47.4,11.9,35.0,86.0
2023-07-03,北京,52.0,97.1,61.2,34.7,12.8,35.0,87.0
2023-07-03,上海,52.5,91.2,66.6,42.2,9.4,35.0,90.0
2023-07-03,广州,57.5,101.7,45.8,33.0,15.5,35.0,87.0
2023-07-03,深圳,46.4,86.2,49.2,50.1,14.9,35.0,75.0
2023-07-03,杭州,36.4,66.9,65.3,20.5,12.4,35.0,70.0
2023-07-03,成都,65.6,103.4,33.2,33.8,21.7,35.0,92.0
2023-07-03,武汉,57.2,102.0,82.0,59.1,10.7,35.0,101.0
2023-07-03,西安,62.1,113.0,73.7,48.6,19.7,35.0,104.0
2023-07-03,南京,46.4,81.5,27.3,38.1,10.1,35.0,67.0
2023-07-03,重庆,92.7,153.5,82.1,29.4,13.9,35.0,144.0
2023-07-04,北京,69.0,121.6,78.9,35.3,3.1,35.0,114.0
2023-07-04,上海,54.0,82.3,78.1,31.2,5.4,35.0,96.0
2023-07-04,广州,45.8,75.7,40.2,37.2,18.3,35.0,71.0
2023-07-04,深圳,66.4,114.5,91.2,46.1,9.9,35.0,116.0
2023-07-04,杭州,71.3,120.8,85.2,40.4,3.8,35.0,120.0
2023-07-04,成都,65.9,101.2,52.4,50.8,6.2,35.0,100.0
2023-07-04,武汉,74.0,122.1,43.4,38.7,12.2,35.0,106.0
2023-07-04,西安,71.7,106.8,71.3,32.1,9.4,35.0,115.0
2023-07-04,南京,73.2,118.9,74.4,31.2,26.0,35.0,118.0
2023-07-04,重庆,74.5,126.1,75.0,40.2,17.1,35.0,119.0
2023-07-05,北京,69.2,117.1,96.0,39.4,15.4,35.0,121.0
2023-07-05,上海,29.7,62.8,79.0,56.2,12.2,35.0,67.0
2023-07-05,广州,20.8,40.2,34.8,23.2,7.8,35.0,39.0
2023-07-05,深圳,19.5,44.8,64.1,44.7,9.3,35.0,49.0
2023-07-05,杭州,79.0,127.1,80.6,25.3,18.5,35.0,127.0
2023-07-05,成都,74.0,119.9,77.1,53.0,28.9,35.0,120.0
2023-07-05,武汉,43.4,78.2,50.1,25.7,20.8,35.0,72.0
2023-07-05,西安,61.4,97.7,52.0,24.9,12.7,35.0,94.0
2023-07-05,南京,38.7,72.2,44.8,32.5,13.9,35.0,64.0
2023-07-05,重庆,70.0,118.6,44.4,35.7,14.3,35.0,102.0
2023-07-06,北京,48.0,64.0,81.3,35.1,14.1,34.9,90.0
2023-07-06,上海,74.1,128.5,71.6,38.1,13.4,34.9,118.0
2023-07-06,广州,72.0,121.8,75.3,35.7,9.0,34.9,117.0
2023-07-06,深圳,55.9,88.5,46.7,26.2,5.7,34.9,86.0
2023-07-06,杭州,28.0,57.0,58.9,30.1,17.6,34.9,57.0
2023-07-06,成都,50.0,75.4,94.5,32.2,11.6,34.9,98.0
2023-07-06,武汉,11.4,33.2,70.9,29.5,16.7,34.9,42.0
2023-07-06,西安,75.7,128.6,72.5,35.9,12.1,34.9,120.0
2023-07-06,南京,84.4,140.3,92.2,42.3,5.7,34.9,138.0
2023-07-06,重庆,38.6,75.2,44.7,54.6,11.0,34.9,64.0
2023-07-07,北京,27.2,57.4,86.3,30.2,8.1,34.9,67.0
2023-07-07,上海,28.9,48.4,75.9,26.9,-2.5,34.9,65.0
2023-07-07,广州,61.9,106.0,90.6,27.8,7.4,34.9,111.0
2023-07-07,深圳,85.5,130.0,68.3,41.7,13.2,34.9,130.0
2023-07-07,杭州,74.8,120.9,77.9,27.1,7.4,34.9,121.0
2023-07-07,成都,41.1,73.4,86.8,58.8,12.6,34.9,84.0
2023-07-07,武汉,75.0,119.0,76.6,50.7,16.0,34.9,121.0
2023-07-07,西安,76.4,129.3,,35.3,12.9,34.9,108.0
2023-07-07,南京,30.8,52.9,100.1,25.5,7.8,34.9,77.0
2023-07-07,重庆,30.6,55.2,103.3,31.8,20.4,34.9,78.0
2023-07-08,北京,19.2,39.6,77.1,19.0,16.2,34.9,54.0
2023-07-08,上海,49.4,82.9,55.5,35.5,6.9,34.9,81.0
2023-07-08,广州,,73.7,42.1,26.6,12.4,34.9,67.0
2023-07-08,深圳,66.3,113.3,51.7,41.4,16.3,34.9,100.0
2023-07-08,杭州,88.3,144.9,69.6,34.6,14.7,34.9,134.0
2023-07-08,成都,91.5,148.7,80.5,34.3,8.4,34.9,142.0
2023-07-08,武汉,26.3,56.2,67.0,30.3,7.0,34.9,58.0
2023-07-08,西安,61.2,106.3,57.3,45.8,15.9,34.9,96.0
2023-07-08,南京,38.2,66.3,59.4,41.0,8.0,34.9,70.0
2023-07-08,重庆,39.5,69.5,66.0,39.8,5.3,34.9,74.0
2023-07-09,北京,56.8,89.8,23.8,29.8,11.5,34.8,78.0
2023-07-09,上海,65.0,107.3,64.0,9.5,7.7,34.8,104.0
2023-07-09,广州,79.2,126.9,79.6,41.9,19.5,34.8,127.0
2023-07-09,深圳,70.9,103.1,68.0,43.4,14.6,34.8,112.0
2023-07-09,杭州,47.3,85.3,92.1,45.0,16.4,34.8,94.0
2023-07-09,成都,49.0,84.5,62.5,30.7,12.2,34.8,84.0
2023-07-09,武汉,36.5,63.1,87.5,35.6,12.8,34.8,79.0
2023-07-09,西安,37.0,66.5,50.6,15.8,16.6,34.8,65.0
2023-07-09,南京,79.8,126.2,84.8,37.6,12.6,34.8,130.0
2023-07-09,重庆,71.6,126.2,62.1,43.7,13.9,34.8,111.0
2023-07-10,北京,67.3,111.0,87.0,33.2,15.6,34.8,116.0
2023-07-10,上海,44.1,78.8,85.4,60.4,15.8,34.8,87.0
2023-07-10,广州,47.3,79.6,58.9,50.8,8.3,34.8,80.0
2023-07-10,深圳,24.3,37.2,72.2,22.7,8.4,34.8,58.0
2023-07-10,杭州,31.4,54.5,117.8,49.3,13.6,34.8,85.0
2023-07-10,成都,47.5,78.3,52.4,41.1,15.1,34.8,78.0
2023-07-10,武汉,,61.6,82.9,31.7,7.1,34.8,75.0
2023-07-10,西安,38.4,61.0,81.7,36.3,10.6,34.8,79.0
2023-07-10,南京,75.5,126.6,52.7,32.4,19.8,34.8,112.0
2023-07-10,重庆,,105.5,65.1,40.6,12.8,34.8,99.0
2023-07-11,北京,58.4,92.3,81.6,50.6,9.6,34.7,103.0
2023-07-11,上海,67.5,119.0,74.9,41.8,8.6,34.7,111.0
2023-07-11,广州,57.7,99.4,64.5,52.8,10.6,34.7,95.0
2023-07-11,深圳,21.8,31.7,69.9,34.1,9.9,34.7,54.0
2023-07-11,杭州,51.6,91.1,35.2,55.9,3.9,34.7,76.0
2023-07-11,成都,69.2,112.7,58.5,36.6,11.7,34.7,106.0
2023-07-11,武汉,18.2,41.0,31.8,31.2,15.1,34.7,35.0
2023-07-11,西安,53.6,94.7,34.2,43.9,22.0,34.7,78.0
2023-07-11,南京,54.6,92.7,124.9,32.9,9.4,34.7,115.0
2023-07-11,重庆,,114.7,73.3,42.2,18.0,34.7,111.0
2023-07-12,北京,42.8,71.4,67.1,52.4,6.7,34.7,78.0
2023-07-12,上海,60.2,97.0,54.3,-1.8,13.9,34.7,94.0
2023-07-12,广州,36.8,74.5,68.1,34.7,14.1,34.7,71.0
2023-07-12,深圳,68.9,111.3,74.9,45.5,15.8,34.7,113.0
2023-07-12,杭州,22.7,46.6,107.7,34.8,9.1,34.7,70.0
2023-07-12,成都,42.3,77.4,42.7,57.8,10.1,34.7,68.0
2023-07-12,武汉,57.9,99.2,62.5,51.1,6.4,34.7,94.0
2023-07-12,西安,58.0,99.8,67.8,37.2,10.6,34.7,97.0
2023-07-12,南京,52.6,88.0,76.6,39.3,5.3,34.7,94.0
2023-07-12,重庆,68.2,103.9,66.8,32.6,15.1,34.7,109.0
2023-07-13,北京,57.2,93.6,69.2,12.1,10.0,34.6,96.0
2023-07-13,上海,73.4,118.0,56.3,33.3,12.0,34.6,111.0
2023-07-13,广州,67.2,117.5,48.9,25.3,22.1,34.6,100.0
2023-07-13,深圳,21.9,39.5,69.1,16.6,8.3,34.6,54.0
2023-07-13,杭州,36.4,61.6,84.7,44.6,12.6,34.6,78.0
2023-07-13,成都,81.7,131.6,82.8,38.9,14.6,34.6,131.0
2023-07-13,武汉,55.0,93.0,46.8,52.6,14.2,34.6,85.0
2023-07-13,西安,83.0,130.3,83.4,23.4,16.8,34.6,133.0
2023-07-13,南京,27.9,51.6,80.6,53.6,5.5,34.6,66.0
2023-07-13,重庆,76.0,120.1,49.2,37.7,12.8,34.6,111.0
2023-07-14,北京,33.1,58.7,64.7,26.1,12.0,34.5,66.0
2023-07-14,上海,41.5,68.1,59.0,34.0,8.9,34.5,73.0
2023-07-14,广州,99.4,165.2,70.8,48.0,16.3,34.5,148.0
2023-07-14,深圳,38.1,62.8,57.4,35.1,1.2,34.5,69.0
2023-07-14,杭州,53.3,87.2,64.5,34.6,6.9,34.5,90.0
2023-07-14,成都,45.4,73.3,97.2,27.7,6.1,34.5,93.0
2023-07-14,武汉,19.8,39.4,62.5,44.9,7.9,34.5,49.0
2023-07-14,西安,99.7,163.9,49.3,16.1,15.5,34.5,139.0
2023-07-14,南京,48.2,82.7,60.3,28.6,16.1,34.5,82.0
2023-07-14,重庆,,57.3,78.9,30.8,15.4,34.5,72.0
2023-07-15,北京,58.7,96.9,40.8,33.0,7.4,34.5,87.0
2023-07-15,上海,45.6,82.3,71.6,60.4,11.0,34.5,83.0
2023-07-15,广州,69.6,109.4,68.4,52.9,14.4,34.5,111.0
2023-07-15,深圳,4.1,11.6,90.3,26.3,16.9,34.5,41.0
2023-07-15,杭州,47.0,82.5,73.6,52.4,3.9,34.5,86.0
2023-07-15,成都,85.8,133.1,103.3,32.1,14.4,34.5,144.0
2023-07-15,武汉,75.3,132.6,70.0,34.2,12.9,34.5,118.0
2023-07-15,西安,,108.8,84.5,31.7,2.8,34.5,106.0
2023-07-15,南京,62.6,108.8,57.7,40.6,12.6,34.5,98.0
2023-07-15,重庆,42.3,77.6,121.7,21.5,7.0,34.5,99.0
2023-07-16,北京,41.8,73.3,77.6,27.6,9.7,34.4,81.0
2023-07-16,上海,51.0,83.8,111.9,36.1,14.0,34.4,106.0
2023-07-16,广州,45.4,87.0,76.2,41.0,13.9,34.4,85.0
2023-07-16,深圳,47.7,72.9,72.4,15.2,15.8,34.4,86.0
2023-07-16,杭州,59.0,102.6,53.6,20.5,6.5,34.4,92.0
2023-07-16,成都,35.0,59.8,97.7,34.7,6.3,34.4,81.0
2023-07-16,武汉,68.8,118.1,,41.7,11.6,34.4,94.0
2023-07-16,西安,49.7,82.5,100.3,26.2,11.0,34.4,100.0
2023-07-16,南京,31.9,55.2,68.6,39.0,13.0,34.4,66.0
2023-07-16,重庆,50.7,90.3,69.2,26.2,15.4,34.4,89.0
2023-07-17,北京,24.8,53.2,105.2,31.3,7.2,34.3,72.0
2023-07-17,上海,51.3,85.1,59.2,57.6,15.7,34.3,85.0
2023-07-17,广州,62.8,100.0,62.4,49.8,8.9,34.3,100.0
2023-07-17,深圳,62.5,106.7,71.2,47.9,14.8,34.3,103.0
2023-07-17,杭州,19.7,32.9,78.3,49.1,7.3,34.3,55.0
2023-07-17,成都,50.0,87.9,61.3,30.7,13.8,34.3,85.0
2023-07-17,武汉,32.3,57.2,70.3,40.9,13.4,34.3,67.0
2023-07-17,西安,60.5,104.9,114.4,32.2,5.6,34.3,118.0
2023-07-17,南京,47.7,84.7,84.8,23.6,13.6,34.3,91.0
2023-07-17,重庆,40.5,73.2,101.3,46.9,5.7,34.3,89.0
2023-07-18,北京,32.0,60.9,72.8,29.0,22.0,34.2,68.0
2023-07-18,上海,100.8,170.0,92.1,44.9,21.3,34.2,158.0
2023-07-18,广州,26.4,42.5,64.2,46.7,13.8,34.2,57.0
2023-07-18,深圳,56.0,89.2,81.0,25.6,16.2,34.2,100.0
2023-07-18,杭州,69.2,110.7,68.7,15.5,7.2,34.2,111.0
2023-07-18,成都,81.4,131.8,62.4,42.7,6.0,34.2,123.0
2023-07-18,武汉,70.8,108.8,40.9,27.6,7.0,34.2,101.0
2023-07-18,西安,50.2,77.1,128.1,45.3,13.7,34.2,111.0
2023-07-18,南京,43.4,72.3,57.9,33.6,18.3,34.2,75.0
2023-07-18,重庆,38.5,75.7,117.9,26.4,11.5,34.2,93.0
2023-07-19,北京,95.7,155.4,74.4,30.4,10.5,34.1,145.0
2023-07-19,上海,43.7,71.4,56.0,35.4,14.5,34.1,75.0
2023-07-19,广州,57.1,97.4,69.9,25.2,20.2,34.1,96.0
2023-07-19,深圳,51.6,84.6,46.1,47.7,15.7,34.1,80.0
2023-07-19,杭州,26.1,44.2,78.2,30.0,13.3,34.1,63.0
2023-07-19,成都,23.2,46.7,93.9,36.0,13.8,34.1,65.0
2023-07-19,武汉,,111.1,59.2,27.1,19.8,34.1,102.0
2023-07-19,西安,78.6,126.3,89.8,32.6,14.0,34.1,130.0
2023-07-19,南京,54.5,97.0,81.1,25.9,22.0,34.1,98.0
2023-07-19,重庆,40.3,71.4,61.4,23.2,13.6,34.1,73.0
2023-07-20,北京,59.4,101.0,48.0,19.7,7.6,34.0,90.0
2023-07-20,上海,64.5,106.8,25.2,44.0,13.1,34.0,87.0
2023-07-20,广州,47.1,73.6,29.1,39.1,6.5,34.0,68.0
2023-07-20,深圳,67.5,109.7,47.3,52.3,16.9,34.0,100.0
2023-07-20,杭州,24.0,40.2,36.9,37.3,12.3,34.0,44.0
2023-07-20,成都,26.4,35.4,21.4,38.4,21.1,34.0,40.0
2023-07-20,武汉,30.7,60.5,68.7,18.3,13.5,34.0,64.0
2023-07-20,西安,42.8,74.4,,40.2,15.5,34.0,76.0
2023-07-20,南京,40.1,64.8,101.5,14.6,14.1,34.0,89.0
2023-07-20,重庆,38.1,54.2,40.9,23.4,13.1,34.0,62.0
2023-07-21,北京,66.6,112.9,127.9,29.2,22.0,33.9,131.0
2023-07-21,上海,75.4,117.8,46.0,33.9,16.6,33.9,109.0
2023-07-21,广州,73.6,117.3,79.4,23.1,13.9,33.9,120.0
2023-07-21,深圳,,88.4,49.2,35.1,5.3,33.9,88.0
2023-07-21,杭州,59.9,97.1,66.7,45.3,8.0,33.9,99.0
2023-07-21,成都,27.1,43.5,65.1,39.2,21.9,33.9,59.0
2023-07-21,武汉,65.8,110.2,101.1,39.1,9.6,33.9,119.0
2023-07-21,西安,58.9,105.1,38.0,44.5,0.5,33.9,86.0
2023-07-21,南京,47.5,83.2,73.6,20.7,15.8,33.9,86.0
2023-07-21,重庆,44.6,70.1,85.1,55.8,16.6,33.9,88.0
2023-07-22,北京,23.8,49.5,49.0,43.5,9.7,33.8,48.0
2023-07-22,上海,27.8,60.6,79.1,22.8,10.8,33.8,65.0
2023-07-22,广州,53.7,85.8,77.9,38.9,13.8,33.8,96.0
2023-07-22,深圳,81.3,132.0,47.9,37.2,13.0,33.8,117.0
2023-07-22,杭州,43.3,69.6,51.6,29.3,12.8,33.8,73.0
2023-07-22,成都,40.5,80.4,,48.8,25.0,33.8,75.0
2023-07-22,武汉,,78.1,97.2,43.0,12.1,33.8,96.0
2023-07-22,西安,35.9,60.8,,45.4,16.9,33.8,66.0
2023-07-22,南京,38.7,66.6,70.4,25.5,16.7,33.8,75.0
2023-07-22,重庆,51.8,85.8,71.8,31.3,3.6,33.8,91.0
2023-07-23,北京,61.5,96.1,80.6,30.3,20.5,33.6,106.0
2023-07-23,上海,46.0,82.6,76.7,22.6,15.2,33.6,86.0
2023-07-23,广州,6.3,32.8,45.4,13.3,14.5,33.6,26.0
2023-07-23,深圳,31.3,55.1,70.2,47.8,10.4,33.6,66.0
2023-07-23,杭州,42.5,71.9,68.2,38.8,5.4,33.6,78.0
2023-07-23,成都,60.1,98.8,105.3,28.1,10.3,33.6,114.0
2023-07-23,武汉,81.1,130.3,43.9,30.1,5.8,33.6,115.0
2023-07-23,西安,27.5,52.9,103.2,43.5,22.3,33.6,74.0
2023-07-23,南京,50.4,88.3,95.0,34.4,10.1,33.6,98.0
2023-07-23,重庆,39.4,80.4,69.0,51.5,18.0,33.6,75.0
2023-07-24,北京,30.6,51.8,92.0,31.5,11.4,33.5,74.0
2023-07-24,上海,51.5,94.4,77.6,38.7,5.8,33.5,93.0
2023-07-24,广州,16.3,32.0,121.1,27.7,7.1,33.5,68.0
2023-07-24,深圳,54.9,91.6,72.5,43.3,9.8,33.5,95.0
2023-07-24,杭州,-3.6,4.5,62.5,46.7,4.3,33.5,21.0
2023-07-24,成都,23.0,35.5,49.2,51.0,7.5,33.5,47.0
2023-07-24,武汉,76.1,133.9,61.6,31.3,4.0,33.5,116.0
2023-07-24,西安,71.6,113.8,65.7,30.9,17.3,33.5,112.0
2023-07-24,南京,46.2,74.4,96.3,22.8,15.7,33.5,94.0
2023-07-24,重庆,63.2,109.9,74.9,35.5,8.5,33.5,106.0
2023-07-25,北京,47.3,82.2,96.5,37.1,12.9,33.4,95.0
2023-07-25,上海,61.8,102.9,84.4,42.6,10.0,33.4,108.0
2023-07-25,广州,,96.0,74.6,43.2,7.0,33.4,103.0
2023-07-25,深圳,61.1,104.6,77.3,44.8,15.9,33.4,104.0
2023-07-25,杭州,10.0,29.7,38.8,45.4,15.7,33.4,28.0
2023-07-25,成都,59.9,96.5,60.2,41.2,5.7,33.4,96.0
2023-07-25,武汉,40.6,82.2,71.8,18.3,3.1,33.4,77.0
2023-07-25,西安,36.7,68.3,88.4,48.2,15.0,33.4,79.0
2023-07-25,南京,45.9,80.5,85.2,13.4,30.5,33.4,89.0
2023-07-25,重庆,11.2,37.6,57.8,20.8,18.8,33.4,37.0
2023-07-26,北京,,81.1,98.9,18.6,16.5,33.2,99.0
2023-07-26,上海,69.7,113.0,36.6,52.1,10.4,33.2,98.0
2023-07-26,广州,,122.3,47.7,54.3,8.7,33.2,112.0
2023-07-26,深圳,51.1,83.1,77.6,32.5,13.1,33.2,92.0
2023-07-26,杭州,,77.3,105.5,45.6,9.3,33.2,98.0
2023-07-26,成都,,79.0,53.5,53.3,18.9,33.2,78.0
2023-07-26,武汉,61.0,97.8,70.0,32.1,11.2,33.2,101.0
2023-07-26,西安,4.2,19.2,75.7,51.1,13.1,33.2,35.0
2023-07-26,南京,36.9,61.6,87.9,45.3,9.7,33.2,79.0
2023-07-26,重庆,83.7,128.6,81.4,47.3,7.5,33.2,133.0
2023-07-27,北京,56.4,94.7,76.4,53.0,14.5,33.1,98.0
2023-07-27,上海,57.7,96.3,76.9,37.1,3.6,33.1,100.0
2023-07-27,广州,32.3,61.1,88.7,36.9,18.9,33.1,74.0
2023-07-27,深圳,38.8,60.8,53.9,34.9,13.4,33.1,68.0
2023-07-27,杭州,,84.4,103.4,39.4,16.4,33.1,99.0
2023-07-27,成都,93.3,147.0,86.0,20.1,6.4,33.1,146.0
2023-07-27,武汉,46.2,77.1,70.0,38.6,9.8,33.1,83.0
2023-07-27,西安,47.7,86.9,82.5,48.1,12.4,33.1,90.0
2023-07-27,南京,26.2,48.9,76.4,40.5,9.0,33.1,62.0
2023-07-27,重庆,59.2,101.3,64.3,31.9,13.7,33.1,97.0
2023-07-28,北京,35.2,65.4,98.8,13.5,8.1,33.0,82.0
2023-07-28,上海,47.0,83.4,77.9,55.5,12.6,33.0,88.0
2023-07-28,广州,37.1,79.2,39.1,37.1,18.5,33.0,60.0
2023-07-28,深圳,39.1,77.0,71.5,56.4,15.4,33.0,76.0
2023-07-28,杭州,47.4,82.9,28.1,35.7,8.6,33.0,68.0
2023-07-28,成都,54.1,95.5,72.1,30.5,18.1,33.0,94.0
2023-07-28,武汉,43.0,68.0,99.7,44.4,10.4,33.0,91.0
2023-07-28,西安,40.8,70.5,60.1,13.2,11.3,33.0,73.0
2023-07-28,南京,44.3,70.1,50.2,51.4,8.3,33.0,73.0
2023-07-28,重庆,60.8,102.3,80.7,34.4,15.1,33.0,105.0
2023-07-29,北京,66.4,110.7,90.7,36.5,19.2,32.8,116.0
2023-07-29,上海,22.6,56.0,100.7,27.0,5.8,32.8,67.0
2023-07-29,广州,28.5,52.2,79.3,14.8,10.9,32.8,66.0
2023-07-29,深圳,56.9,92.2,84.4,32.3,1.3,32.8,102.0
2023-07-29,杭州,56.8,87.3,66.6,24.0,17.8,32.8,95.0
2023-07-29,成都,44.6,79.8,99.8,22.4,4.9,32.8,93.0
2023-07-29,武汉,51.6,91.0,76.5,56.0,10.2,32.8,93.0
2023-07-29,西安,70.3,113.9,81.1,41.3,15.1,32.8,117.0
2023-07-29,南京,44.4,75.6,77.5,26.0,11.9,32.8,84.0
2023-07-29,重庆,37.2,60.5,47.9,47.2,7.7,32.8,64.0
2023-07-30,北京,46.3,78.1,76.5,19.5,10.3,32.6,86.0
2023-07-30,上海,56.7,110.3,79.5,33.6,17.0,32.6,100.0
2023-07-30,广州,56.6,89.6,51.8,54.7,10.9,32.6,89.0
2023-07-30,深圳,22.5,43.8,74.0,44.3,14.5,32.6,57.0
2023-07-30,杭州,34.2,64.7,55.8,37.1,3.3,32.6,63.0
2023-07-30,成都,43.9,77.9,25.8,24.9,18.2,32.6,63.0
2023-07-30,武汉,67.9,108.3,85.2,26.0,4.5,32.6,116.0
2023-07-30,西安,16.6,29.8,30.2,55.2,4.5,32.6,32.0
2023-07-30,南京,,114.8,81.0,27.7,13.3,32.6,110.0
2023-07-30,重庆,27.6,56.1,69.9,43.1,7.7,32.6,61.0
2023-07-31,北京,64.9,106.4,57.2,25.3,12.3,32.5,101.0
2023-07-31,上海,41.8,68.4,,25.2,15.8,32.5,61.0
2023-07-31,广州,52.6,88.2,92.6,25.4,7.3,32.5,100.0
2023-07-31,深圳,33.3,61.9,,17.3,0.6,32.5,66.0
2023-07-31,杭州,51.4,84.0,91.5,22.2,7.3,32.5,98.0
2023-07-31,成都,34.2,55.8,83.3,14.4,22.0,32.5,74.0
2023-07-31,武汉,53.3,93.8,102.3,20.8,10.3,32.5,105.0
2023-07-31,西安,59.2,94.6,89.5,20.6,18.0,32.5,107.0
2023-07-31,南京,46.2,83.1,59.9,25.6,10.6,32.5,79.0
2023-07-31,重庆,42.6,66.2,59.7,23.0,14.5,32.5,75.0
2023-08-01,北京,37.4,66.5,68.3,15.3,15.7,32.3,72.0
2023-08-01,上海,39.9,69.0,63.0,34.9,12.2,32.3,73.0
2023-08-01,广州,72.0,125.4,54.3,12.5,15.6,32.3,108.0
2023-08-01,深圳,79.0,123.3,81.3,27.7,13.6,32.3,127.0
2023-08-01,杭州,24.5,44.5,95.9,22.7,7.9,32.3,68.0
2023-08-01,成都,45.4,80.6,85.0,34.1,15.2,32.3,88.0
2023-08-01,武汉,58.0,95.9,76.2,64.1,12.9,32.3,100.0
2023-08-01,西安,49.2,83.0,96.1,24.6,18.1,32.3,97.0
2023-08-01,南京,,141.1,110.0,43.9,2.4,32.3,151.0
2023-08-01,重庆,43.8,74.1,92.6,30.3,13.4,32.3,90.0
2023-08-02,北京,,79.4,59.5,20.9,11.5,32.1,79.0
2023-08-02,上海,25.7,48.3,87.9,27.3,24.5,32.1,66.0
2023-08-02,广州,73.3,120.0,62.9,21.6,6.7,32.1,113.0
2023-08-02,深圳,30.6,56.0,103.4,44.1,16.7,32.1,78.0
2023-08-02,杭州,30.5,56.3,80.0,39.2,7.4,32.1,69.0
2023-08-02,成都,40.9,65.5,72.3,42.5,5.3,32.1,78.0
2023-08-02,武汉,70.8,115.3,56.1,52.0,1.9,32.1,107.0
2023-08-02,西安,65.9,109.4,75.1,39.9,10.5,32.1,109.0
2023-08-02,南京,29.6,58.0,74.1,38.8,8.1,32.1,65.0
2023-08-02,重庆,52.4,77.4,100.1,46.1,31.2,32.1,103.0
2023-08-03,北京,68.3,107.6,93.2,53.8,13.9,32.0,119.0
2023-08-03,上海,47.0,75.0,75.6,45.6,13.8,32.0,87.0
2023-08-03,广州,47.0,84.6,59.0,46.3,15.1,32.0,80.0
2023-08-03,深圳,57.3,93.9,95.8,32.3,3.3,32.0,107.0
2023-08-03,杭州,53.4,87.6,82.0,50.4,13.1,32.0,97.0
2023-08-03,成都,28.5,50.2,100.6,30.0,8.1,32.0,74.0
2023-08-03,武汉,83.6,132.4,86.3,5.6,10.7,32.0,135.0
2023-08-03,西安,41.9,77.9,83.0,31.7,19.8,32.0,83.0
2023-08-03,南京,69.5,120.6,48.6,70.1,17.0,32.0,103.0
2023-08-03,重庆,63.2,103.6,79.0,32.5,15.9,32.0,107.0
2023-08-04,北京,,70.5,32.3,26.1,21.9,31.8,56.0
2023-08-04,上海,59.9,91.6,72.8,21.3,3.7,31.8,101.0
2023-08-04,广州,28.4,57.5,44.2,28.1,3.1,31.8,52.0
2023-08-04,深圳,49.9,88.2,66.9,33.9,12.9,31.8,87.0
2023-08-04,杭州,60.1,96.6,80.6,23.1,16.6,31.8,104.0
2023-08-04,成都,56.0,102.2,61.6,17.3,5.9,31.8,92.0
2023-08-04,武汉,41.0,72.8,83.5,20.3,10.7,31.8,83.0
2023-08-04,西安,53.7,85.5,51.7,26.1,14.2,31.8,85.0
2023-08-04,南京,33.6,56.6,106.1,37.3,8.2,31.8,83.0
2023-08-04,重庆,34.4,63.0,73.2,27.2,16.2,31.8,71.0
2023-08-05,北京,39.1,63.6,83.9,31.2,14.9,31.6,80.0
2023-08-05,上海,57.0,102.9,68.9,39.9,9.9,31.6,96.0
2023-08-05,广州,30.3,57.7,100.7,46.4,13.3,31.6,77.0
2023-08-05,深圳,62.9,97.2,55.6,22.2,1.3,31.6,98.0
2023-08-05,杭州,27.0,46.7,42.0,33.0,7.3,31.6,49.0
2023-08-05,成都,37.4,67.0,58.1,50.4,9.7,31.6,68.0
2023-08-05,武汉,61.5,95.8,86.4,46.8,16.7,31.6,108.0
2023-08-05,西安,70.0,119.4,45.0,53.3,7.8,31.6,102.0
2023-08-05,南京,34.1,69.0,85.6,43.0,6.3,31.6,75.0
2023-08-05,重庆,35.6,62.0,57.8,19.5,14.6,31.6,66.0
2023-08-06,北京,55.2,104.8,60.9,21.9,9.5,31.4,91.0
2023-08-06,上海,36.7,67.4,59.1,48.8,14.2,31.4,68.0
2023-08-06,广州,53.1,87.7,102.7,46.2,10.5,31.4,105.0
2023-08-06,深圳,44.5,77.0,85.4,34.7,2.5,31.4,88.0
2023-08-06,杭州,51.3,82.6,100.3,44.7,9.8,31.4,102.0
2023-08-06,成都,21.6,32.8,101.2,48.7,13.2,31.4,66.0
2023-08-06,武汉,79.0,124.6,74.9,20.7,13.1,31.4,125.0
2023-08-06,西安,40.1,71.7,88.2,43.6,15.6,31.4,83.0
2023-08-06,南京,54.8,97.7,68.8,55.3,10.2,31.4,93.0
2023-08-06,重庆,48.7,82.7,98.6,41.7,16.2,31.4,98.0
2023-08-07,北京,53.0,81.8,83.2,35.3,17.4,31.2,97.0
2023-08-07,上海,8.0,14.2,88.3,14.3,8.6,31.2,45.0
2023-08-07,广州,68.0,112.7,69.6,39.1,21.4,31.2,109.0
2023-08-07,深圳,67.9,110.0,48.2,31.2,11.3,31.2,101.0
2023-08-07,杭州,38.6,68.4,44.4,50.9,7.0,31.2,64.0
2023-08-07,成都,56.3,93.9,103.7,56.5,11.9,31.2,109.0
2023-08-07,武汉,22.4,42.6,75.2,25.4,10.4,31.2,57.0
2023-08-07,西安,,105.9,56.6,25.6,8.0,31.2,102.0
2023-08-07,南京,53.1,93.5,27.5,12.9,11.2,31.2,75.0
2023-08-07,重庆,31.3,47.8,26.8,29.0,13.4,31.2,48.0
2023-08-08,北京,,54.3,100.1,35.9,8.9,31.0,75.0
2023-08-08,上海,22.4,38.4,70.7,27.2,14.7,31.0,55.0
2023-08-08,广州,48.0,86.6,68.5,22.9,7.4,31.0,85.0
2023-08-08,深圳,59.1,103.7,72.1,36.3,8.4,31.0,100.0
2023-08-08,杭州,40.6,66.2,42.2,35.2,11.5,31.0,66.0
2023-08-08,成都,43.7,74.1,80.6,44.7,4.5,31.0,85.0
2023-08-08,武汉,,82.8,91.4,46.9,12.9,31.0,98.0
2023-08-08,西安,,69.9,130.1,26.2,10.3,31.0,95.0
2023-08-08,南京,65.7,104.7,65.7,16.5,16.3,31.0,105.0
2023-08-08,重庆,40.5,73.1,96.3,21.3,9.5,31.0,87.0
2023-08-09,北京,44.9,77.5,54.0,33.9,20.2,30.8,75.0
2023-08-09,上海,48.2,82.2,75.0,30.0,7.3,30.8,88.0
2023-08-09,广州,34.7,68.5,92.9,32.9,13.1,30.8,79.0
2023-08-09,深圳,54.7,94.0,83.7,32.1,4.0,30.8,99.0
2023-08-09,杭州,67.6,111.8,101.5,41.5,4.9,30.8,122.0
2023-08-09,成都,65.6,109.1,118.5,24.3,13.4,30.8,126.0
2023-08-09,武汉,31.6,54.9,73.8,29.0,9.9,30.8,67.0
2023-08-09,西安,20.8,42.1,63.0,45.1,8.2,30.8,50.0
2023-08-09,南京,22.0,44.2,72.9,33.6,6.7,30.8,56.0
2023-08-09,重庆,,84.6,103.2,52.3,16.4,30.8,95.0
2023-08-10,北京,56.1,82.3,81.5,43.3,16.5,30.6,100.0
2023-08-10,上海,35.5,66.9,76.5,34.4,18.1,30.6,73.0
2023-08-10,广州,19.6,43.4,103.9,32.6,12.8,30.6,65.0
2023-08-10,深圳,37.4,67.6,108.1,25.2,12.5,30.6,88.0
2023-08-10,杭州,12.7,27.3,102.5,43.8,12.6,30.6,56.0
2023-08-10,成都,19.8,35.1,31.7,8.0,4.1,30.6,36.0
2023-08-10,武汉,60.2,91.7,41.8,35.7,8.6,30.6,89.0
2023-08-10,西安,23.2,42.6,83.1,20.2,9.0,30.6,61.0
2023-08-10,南京,55.8,92.2,104.3,31.9,19.8,30.6,109.0
2023-08-10,重庆,9.8,20.0,,38.0,13.5,30.6,53.0
2023-08-11,北京,20.4,40.4,37.3,28.9,2.6,30.3,39.0
2023-08-11,上海,,72.6,68.7,48.3,13.8,30.3,82.0
2023-08-11,广州,53.0,87.8,53.7,38.3,6.7,30.3,85.0
2023-08-11,深圳,68.8,106.3,67.6,24.1,9.4,30.3,110.0
2023-08-11,杭州,35.3,65.9,65.9,55.2,10.5,30.3,69.0
2023-08-11,成都,53.7,90.5,84.7,48.3,13.1,30.3,98.0
2023-08-11,武汉,44.7,83.3,76.8,37.9,14.1,30.3,84.0
2023-08-11,西安,39.4,73.4,64.5,24.5,23.8,30.3,73.0
2023-08-11,南京,32.4,64.9,80.4,25.6,10.1,30.3,71.0
2023-08-11,重庆,30.9,57.7,84.4,34.6,20.9,30.3,71.0
2023-08-12,北京,35.0,64.1,81.3,38.8,7.9,30.1,75.0
2023-08-12,上海,76.7,138.9,81.9,11.7,2.8,30.1,125.0
2023-08-12,广州,53.2,89.2,76.7,36.5,5.0,30.1,95.0
2023-08-12,深圳,20.1,41.7,66.0,21.3,15.3,30.1,51.0
2023-08-12,杭州,49.4,86.9,71.4,29.9,15.2,30.1,88.0
2023-08-12,成都,70.9,125.1,25.6,48.8,16.7,30.1,95.0
2023-08-12,武汉,62.6,99.0,48.1,57.5,15.1,30.1,94.0
2023-08-12,西安,50.0,80.3,86.5,31.6,16.8,30.1,95.0
2023-08-12,南京,33.4,61.2,89.0,38.6,6.7,30.1,76.0
2023-08-12,重庆,23.1,43.4,55.0,35.0,7.4,30.1,50.0
2023-08-13,北京,49.1,77.2,42.9,36.5,17.2,29.9,76.0
2023-08-13,上海,44.3,75.6,69.0,30.6,15.3,29.9,81.0
2023-08-13,广州,21.9,38.0,40.6,46.1,5.9,29.9,43.0
2023-08-13,深圳,31.9,67.1,95.9,32.2,10.2,29.9,77.0
2023-08-13,杭州,46.2,79.4,47.9,22.9,12.9,29.9,75.0
2023-08-13,成都,61.5,95.3,43.1,49.6,12.8,29.9,91.0
2023-08-13,武汉,50.5,88.1,96.8,27.5,18.4,29.9,99.0
2023-08-13,西安,45.1,88.8,32.8,29.9,1.4,29.9,67.0
2023-08-13,南京,49.0,76.2,91.1,46.7,15.5,29.9,95.0
2023-08-13,重庆,24.4,51.6,38.8,44.0,21.4,29.9,45.0
2023-08-14,北京,40.2,73.4,77.2,44.8,11.8,29.6,79.0
2023-08-14,上海,43.7,77.4,70.4,36.5,13.8,29.6,81.0
2023-08-14,广州,40.9,71.7,84.7,49.1,9.0,29.6,83.0
2023-08-14,深圳,24.9,48.6,97.5,35.0,11.6,29.6,69.0
2023-08-14,杭州,56.4,88.1,59.5,32.4,12.5,29.6,91.0
2023-08-14,成都,53.5,95.4,40.1,32.9,6.9,29.6,80.0
2023-08-14,武汉,51.6,97.6,68.7,43.1,10.0,29.6,89.0
2023-08-14,西安,50.5,82.2,42.6,6.1,14.5,29.6,78.0
2023-08-14,南京,19.6,35.0,67.3,52.9,11.0,29.6,50.0
2023-08-14,重庆,11.8,25.5,94.3,8.6,10.3,29.6,52.0
2023-08-15,北京,29.7,60.2,64.5,39.8,13.6,29.4,61.0
2023-08-15,上海,39.7,67.4,82.3,34.8,12.1,29.4,81.0
2023-08-15,广州,36.7,49.8,122.9,51.6,9.5,29.4,93.0
2023-08-15,深圳,35.9,69.8,108.6,20.6,6.3,29.4,87.0
2023-08-15,杭州,58.1,91.6,69.5,30.2,10.3,29.4,98.0
2023-08-15,成都,70.6,118.6,43.5,46.0,17.9,29.4,102.0
2023-08-15,武汉,26.3,54.1,79.4,23.1,4.2,29.4,63.0
2023-08-15,西安,44.8,81.0,38.0,40.5,6.0,29.4,69.0
2023-08-15,南京,49.4,91.9,47.3,42.4,12.5,29.4,78.0
2023-08-15,重庆,30.3,48.6,82.3,19.7,5.9,29.4,69.0
2023-08-16,北京,56.1,83.7,56.2,45.2,18.6,29.2,90.0
2023-08-16,上海,55.7,103.7,116.1,31.5,15.4,29.2,113.0
2023-08-16,广州,31.8,54.1,,11.8,10.2,29.2,76.0
2023-08-16,深圳,66.6,118.3,36.1,21.8,17.0,29.2,94.0
2023-08-16,杭州,31.0,53.6,62.4,8.7,11.1,29.2,62.0
2023-08-16,成都,53.6,83.5,89.6,38.7,10.7,29.2,100.0
2023-08-16,武汉,23.9,57.3,68.7,44.5,11.4,29.2,56.0
2023-08-16,西安,44.9,79.6,71.6,18.3,-1.1,29.2,83.0
2023-08-16,南京,53.5,82.9,102.6,35.3,9.4,29.2,105.0
2023-08-16,重庆,41.7,67.9,95.5,30.4,9.4,29.2,88.0
2023-08-17,北京,,58.5,75.5,37.3,11.4,28.9,66.0
2023-08-17,上海,43.4,71.7,76.2,30.8,15.7,28.9,83.0
2023-08-17,广州,60.0,100.9,96.5,18.2,14.9,28.9,111.0
2023-08-17,深圳,59.2,96.7,68.7,46.5,2.5,28.9,99.0
2023-08-17,杭州,56.8,85.8,122.7,28.4,15.1,28.9,117.0
2023-08-17,成都,,55.2,57.0,35.7,13.9,28.9,59.0
2023-08-17,武汉,48.0,77.0,51.4,28.8,10.2,28.9,78.0
2023-08-17,西安,44.1,74.0,72.5,47.6,6.7,28.9,82.0
2023-08-17,南京,59.2,105.3,126.7,15.4,4.2,28.9,122.0
2023-08-17,重庆,41.4,73.6,92.0,39.7,12.6,28.9,86.0
2023-08-18,北京,42.3,82.5,62.9,30.6,17.0,28.7,76.0
2023-08-18,上海,,56.9,58.0,34.1,11.4,28.7,58.0
2023-08-18,广州,63.1,104.8,92.7,27.5,12.9,28.7,113.0
2023-08-18,深圳,33.9,57.2,47.3,26.8,11.5,28.7,60.0
2023-08-18,杭州,33.8,59.0,52.5,37.9,13.1,28.7,62.0
2023-08-18,成都,35.8,54.1,33.8,53.9,11.1,28.7,56.0
2023-08-18,武汉,3.9,17.2,91.7,25.5,16.7,28.7,41.0
2023-08-18,西安,77.3,131.0,49.4,30.7,8.2,28.7,113.0
2023-08-18,南京,32.8,56.7,,32.5,8.5,28.7,57.0
2023-08-18,重庆,37.2,63.5,91.3,38.3,19.2,28.7,81.0
2023-08-19,北京,50.5,85.6,49.9,40.7,6.9,28.4,81.0
2023-08-19,上海,26.2,45.9,20.8,44.0,9.5,28.4,40.0
2023-08-19,广州,34.0,57.4,65.1,42.9,11.4,28.4,67.0
2023-08-19,深圳,70.1,115.7,98.2,7.1,18.1,28.4,123.0
2023-08-19,杭州,30.5,67.2,43.8,42.7,9.3,28.4,54.0
2023-08-19,成都,40.0,69.2,64.6,38.1,11.0,28.4,74.0
2023-08-19,武汉,57.4,100.7,101.0,25.5,3.5,28.4,109.0
2023-08-19,西安,41.6,69.1,61.5,41.1,14.6,28.4,75.0
2023-08-19,南京,13.1,35.2,,36.9,5.6,28.4,45.0
2023-08-19,重庆,57.7,93.8,58.0,33.4,22.5,28.4,92.0
2023-08-20,北京,33.1,52.7,33.1,10.0,23.5,28.2,53.0
2023-08-20,上海,53.9,90.9,76.8,43.7,16.7,28.2,95.0
2023-08-20,广州,43.1,75.8,34.9,40.0,23.4,28.2,66.0
2023-08-20,深圳,40.7,68.3,49.4,22.1,8.8,28.2,69.0
2023-08-20,杭州,55.8,89.5,70.1,29.1,13.0,28.2,95.0
2023-08-20,成都,,91.3,62.1,17.9,12.9,28.2,94.0
2023-08-20,武汉,63.2,93.1,85.5,43.7,17.9,28.2,110.0
2023-08-20,西安,42.3,74.0,91.1,36.6,11.4,28.2,87.0
2023-08-20,南京,28.3,58.0,61.1,17.0,15.1,28.2,58.0
2023-08-20,重庆,64.2,100.1,104.7,32.0,14.4,28.2,119.0
2023-08-21,北京,12.5,25.6,118.3,28.4,16.8,27.9,62.0
2023-08-21,上海,55.9,93.0,71.2,46.9,15.2,27.9,96.0
2023-08-21,广州,61.2,96.9,99.0,34.5,2.5,27.9,113.0
2023-08-21,深圳,48.2,90.6,85.7,55.5,4.8,27.9,92.0
2023-08-21,杭州,55.1,102.1,90.3,23.0,18.9,27.9,102.0
2023-08-21,成都,47.4,76.7,62.0,20.7,11.8,27.9,82.0
2023-08-21,武汉,50.1,92.2,87.4,21.5,10.6,27.9,95.0
2023-08-21,西安,47.1,76.5,82.2,19.0,12.8,27.9,89.0
2023-08-21,南京,47.9,81.3,77.2,15.0,8.8,27.9,88.0
2023-08-21,重庆,29.8,55.5,79.2,19.4,11.3,27.9,67.0
2023-08-22,北京,51.2,91.8,80.7,28.4,4.7,27.6,94.0
2023-08-22,上海,27.8,59.5,131.7,57.2,13.3,27.6,86.0
2023-08-22,广州,45.8,85.8,87.4,23.1,11.3,27.6,90.0
2023-08-22,深圳,31.7,53.5,116.1,32.5,10.9,27.6,84.0
2023-08-22,杭州,29.1,51.5,31.1,25.6,8.8,27.6,47.0
2023-08-22,成都,49.0,79.2,94.0,40.2,5.3,27.6,96.0
2023-08-22,武汉,33.0,60.6,67.4,52.6,7.6,27.6,67.0
2023-08-22,西安,50.6,88.6,15.0,34.2,14.9,27.6,67.0
2023-08-22,南京,48.1,76.5,92.8,25.5,12.1,27.6,95.0
2023-08-22,重庆,45.2,85.8,81.1,46.7,8.2,27.6,87.0
2023-08-23,北京,32.9,49.0,66.7,37.2,15.3,27.4,66.0
2023-08-23,上海,57.8,98.9,65.1,39.7,15.6,27.4,95.0
2023-08-23,广州,32.2,53.9,73.1,28.3,11.2,27.4,68.0
2023-08-23,深圳,48.3,84.3,73.0,36.5,11.0,27.4,87.0
2023-08-23,杭州,50.2,83.4,66.5,47.4,16.0,27.4,87.0
2023-08-23,成都,51.9,89.2,95.7,31.5,15.1,27.4,101.0
2023-08-23,武汉,21.0,36.9,79.7,34.9,18.8,27.4,57.0
2023-08-23,西安,41.8,72.9,53.9,22.5,14.4,27.4,72.0
2023-08-23,南京,50.1,89.5,120.2,42.8,12.5,27.4,108.0
2023-08-23,重庆,28.6,60.4,,42.2,9.7,27.4,68.0
2023-08-24,北京,43.6,71.0,59.7,28.4,17.7,27.1,76.0
2023-08-24,上海,28.4,47.8,85.1,52.3,7.5,27.1,68.0
2023-08-24,广州,46.6,77.2,62.7,26.6,18.6,27.1,81.0
2023-08-24,深圳,,57.8,90.3,41.4,10.8,27.1,76.0
2023-08-24,杭州,30.5,55.9,85.6,34.4,13.1,27.1,71.0
2023-08-24,成都,50.3,88.6,91.3,37.3,17.7,27.1,97.0
2023-08-24,武汉,44.8,83.0,67.3,32.0,12.5,27.1,81.0
2023-08-24,西安,32.1,64.4,112.3,50.9,4.7,27.1,83.0
2023-08-24,南京,59.2,90.8,92.8,35.4,5.5,27.1,108.0
2023-08-24,重庆,36.4,66.2,73.8,41.2,6.0,27.1,73.0
2023-08-25,北京,30.0,60.1,86.1,28.6,6.8,26.8,70.0
2023-08-25,上海,47.8,92.7,74.6,25.2,13.5,26.8,87.0
2023-08-25,广州,49.8,86.1,136.2,14.6,12.1,26.8,114.0
2023-08-25,深圳,14.7,29.8,61.6,37.8,16.6,26.8,42.0
2023-08-25,杭州,42.0,66.9,97.9,24.4,3.9,26.8,90.0
2023-08-25,成都,30.9,53.3,91.4,37.8,14.5,26.8,74.0
2023-08-25,武汉,52.6,84.6,89.0,33.0,7.6,26.8,99.0
2023-08-25,西安,39.8,67.7,84.4,57.2,10.2,26.8,82.0
2023-08-25,南京,21.3,41.3,55.6,48.4,22.2,26.8,48.0
2023-08-25,重庆,46.8,80.0,46.7,38.4,20.7,26.8,75.0
2023-08-26,北京,36.2,57.6,103.7,55.4,19.9,26.5,85.0
2023-08-26,上海,59.6,98.8,84.4,4.7,9.5,26.5,105.0
2023-08-26,广州,46.0,78.0,83.4,33.1,12.0,26.5,89.0
2023-08-26,深圳,,111.5,73.4,26.8,8.6,26.5,108.0
2023-08-26,杭州,34.5,69.7,110.5,23.1,12.5,26.5,86.0
2023-08-26,成都,51.5,84.0,88.5,7.1,2.3,26.5,97.0
2023-08-26,武汉,60.8,106.6,94.7,17.9,12.9,26.5,111.0
2023-08-26,西安,41.4,71.2,62.4,45.8,11.6,26.5,75.0
2023-08-26,南京,,71.6,67.4,41.3,11.2,26.5,73.0
2023-08-26,重庆,49.6,88.4,52.8,23.5,8.1,26.5,81.0
2023-08-27,北京,43.3,68.7,65.1,28.2,18.1,26.3,78.0
2023-08-27,上海,66.3,117.0,97.6,37.6,9.7,26.3,119.0
2023-08-27,广州,22.0,39.7,70.1,43.7,17.7,26.3,54.0
2023-08-27,深圳,7.7,40.6,44.3,27.3,14.7,26.3,27.0
2023-08-27,杭州,45.7,81.4,61.4,26.1,7.7,26.3,79.0
2023-08-27,成都,29.1,51.8,78.3,32.4,14.2,26.3,66.0
2023-08-27,武汉,40.1,69.0,81.9,26.9,21.4,26.3,81.0
2023-08-27,西安,49.6,79.9,58.7,40.3,15.7,26.3,83.0
2023-08-27,南京,39.9,67.1,68.4,47.0,9.2,26.3,75.0
2023-08-27,重庆,39.0,64.0,97.9,26.8,11.1,26.3,86.0
2023-08-28,北京,41.1,74.8,72.6,38.1,14.1,26.0,78.0
2023-08-28,上海,62.5,101.7,84.9,31.2,13.8,26.0,109.0
2023-08-28,广州,39.6,69.4,100.5,40.3,16.2,26.0,88.0
2023-08-28,深圳,47.9,68.1,29.3,21.2,8.0,26.0,69.0
2023-08-28,杭州,51.9,97.9,40.1,21.6,12.5,26.0,78.0
2023-08-28,成都,34.1,63.6,45.4,36.3,9.9,26.0,59.0
2023-08-28,武汉,61.7,109.9,63.0,37.3,15.7,26.0,99.0
2023-08-28,西安,45.6,75.1,85.1,23.0,18.3,26.0,89.0
2023-08-28,南京,35.3,67.9,16.8,29.5,8.9,26.0,49.0
2023-08-28,重庆,,87.6,78.7,30.1,13.5,26.0,98.0
2023-08-29,北京,34.3,53.5,63.7,19.9,18.0,25.7,67.0
2023-08-29,上海,,83.4,54.4,23.6,13.7,25.7,74.0
2023-08-29,广州,73.8,119.2,31.2,39.0,17.1,25.7,101.0
2023-08-29,深圳,39.3,63.3,52.3,31.6,3.4,25.7,68.0
2023-08-29,杭州,27.6,60.7,51.1,23.4,14.9,25.7,54.0
2023-08-29,成都,43.6,84.9,69.7,11.8,18.1,25.7,80.0
2023-08-29,武汉,38.2,64.4,107.8,44.3,7.7,25.7,89.0
2023-08-29,西安,,64.5,74.0,57.2,21.7,25.7,71.0
2023-08-29,南京,64.5,102.4,67.4,28.6,6.0,25.7,104.0
2023-08-29,重庆,50.1,82.3,62.7,52.1,10.2,25.7,85.0
2023-08-30,北京,68.6,110.8,85.6,65.8,7.3,25.4,117.0
2023-08-30,上海,51.3,83.1,40.1,52.2,21.3,25.4,78.0
2023-08-30,广州,26.5,48.9,68.3,22.8,19.8,25.4,59.0
2023-08-30,深圳,53.4,84.2,117.7,40.3,24.4,25.4,111.0
2023-08-30,杭州,47.7,82.4,46.6,39.3,5.8,25.4,76.0
2023-08-30,成都,34.5,54.0,89.7,49.4,14.6,25.4,77.0
2023-08-30,武汉,49.7,89.4,102.7,26.9,16.4,25.4,101.0
2023-08-30,西安,61.2,104.6,73.6,28.7,12.6,25.4,103.0
2023-08-30,南京,52.9,86.6,93.5,38.1,14.6,25.4,101.0
2023-08-30,重庆,27.7,50.4,58.5,29.5,17.4,25.4,57.0
2023-08-31,北京,42.8,69.1,83.1,25.2,10.1,25.1,85.0
2023-08-31,上海,,64.4,72.4,39.2,14.3,25.1,70.0
2023-08-31,广州,33.5,62.0,72.8,33.0,19.7,25.1,69.0
2023-08-31,深圳,38.4,66.5,69.3,4.0,15.3,25.1,74.0
2023-08-31,杭州,31.8,60.4,85.6,40.7,14.5,25.1,72.0
2023-08-31,成都,50.3,87.8,83.6,30.4,16.6,25.1,94.0
2023-08-31,武汉,40.7,75.0,61.6,43.7,15.1,25.1,73.0
2023-08-31,西安,53.3,94.8,103.1,49.8,10.4,25.1,105.0
2023-08-31,南京,51.0,88.3,68.0,37.5,17.5,25.1,88.0
2023-08-31,重庆,18.0,37.4,44.4,40.9,6.6,25.1,39.0
2023-09-01,北京,39.6,62.2,74.4,30.4,18.8,24.8,77.0
2023-09-01,上海,59.3,101.3,62.9,43.9,20.3,24.8,96.0
2023-09-01,广州,43.7,79.1,78.1,35.3,8.5,24.8,84.0
2023-09-01,深圳,38.4,63.5,61.4,15.9,1.4,24.8,71.0
2023-09-01,杭州,67.3,113.6,98.0,35.3,12.9,24.8,120.0
2023-09-01,成都,38.7,65.8,87.0,43.0,12.2,24.8,81.0
2023-09-01,武汉,42.1,78.9,95.9,31.3,12.4,24.8,89.0
2023-09-01,西安,66.3,107.5,,30.2,10.5,24.8,108.0
2023-09-01,南京,52.9,92.2,49.4,41.0,8.4,24.8,83.0
2023-09-01,重庆,53.6,89.3,54.9,33.2,12.0,24.8,86.0
2023-09-02,北京,32.4,54.1,55.9,29.5,12.3,24.5,61.0
2023-09-02,上海,51.7,88.0,35.0,18.5,12.2,24.5,76.0
2023-09-02,广州,40.1,68.9,61.5,15.1,6.5,24.5,73.0
2023-09-02,深圳,31.3,54.0,74.4,23.4,17.2,24.5,67.0
2023-09-02,杭州,25.8,44.6,78.1,18.7,11.4,24.5,62.0
2023-09-02,成都,48.6,75.8,98.2,26.2,4.7,24.5,98.0
2023-09-02,武汉,38.4,65.8,96.0,26.1,10.7,24.5,84.0
2023-09-02,西安,77.3,126.1,101.6,47.8,18.1,24.5,133.0
2023-09-02,南京,19.4,37.9,73.9,29.5,13.6,24.5,53.0
2023-09-02,重庆,24.0,54.9,108.5,19.9,13.7,24.5,72.0
2023-09-03,北京,24.7,54.3,79.1,52.0,11.2,24.2,61.0
2023-09-03,上海,8.8,27.5,92.3,14.4,11.3,24.2,47.0
2023-09-03,广州,38.5,75.4,100.3,16.9,13.5,24.2,86.0
2023-09-03,深圳,56.9,97.2,60.2,62.7,18.0,24.2,92.0
2023-09-03,杭州,54.3,89.2,65.5,62.6,16.8,24.2,91.0
2023-09-03,成都,6.8,23.7,41.3,29.2,1.0,24.2,25.0
2023-09-03,武汉,30.6,57.2,90.6,39.1,16.6,24.2,73.0
2023-09-03,西安,58.4,98.7,87.0,20.4,10.7,24.2,105.0
2023-09-03,南京,44.7,76.8,77.8,17.2,15.7,24.2,85.0
2023-09-03,重庆,68.7,113.4,88.7,26.7,4.5,24.2,118.0
2023-09-04,北京,46.1,87.3,54.1,31.1,10.4,23.9,77.0
2023-09-04,上海,55.4,89.4,92.6,25.3,12.1,23.9,104.0
2023-09-04,广州,43.8,74.5,64.3,49.4,5.9,23.9,78.0
2023-09-04,深圳,0.0,13.9,49.9,48.1,12.4,23.9,20.0
2023-09-04,杭州,36.4,62.9,29.9,39.7,9.1,23.9,56.0
2023-09-04,成都,27.7,46.2,69.3,29.8,7.8,23.9,61.0
2023-09-04,武汉,53.9,91.6,47.3,58.8,9.7,23.9,84.0
2023-09-04,西安,26.7,56.7,65.5,49.3,4.4,23.9,58.0
2023-09-04,南京,46.4,76.1,88.8,23.0,14.0,23.9,91.0
2023-09-04,重庆,34.2,63.2,44.3,57.3,10.5,23.9,59.0
2023-09-05,北京,51.8,92.4,78.9,36.6,19.5,23.6,94.0
2023-09-05,上海,47.2,74.2,50.7,26.7,18.4,23.6,77.0
2023-09-05,广州,29.7,62.0,47.0,36.1,11.1,23.6,54.0
2023-09-05,深圳,34.8,58.4,76.3,48.7,10.3,23.6,72.0
2023-09-05,杭州,,94.0,86.6,18.6,13.0,23.6,107.0
2023-09-05,成都,39.8,58.4,79.6,23.3,2.5,23.6,80.0
2023-09-05,武汉,38.0,65.4,116.9,12.8,19.1,23.6,92.0
2023-09-05,西安,48.4,79.0,39.7,36.7,5.4,23.6,74.0
2023-09-05,南京,78.7,128.1,78.5,66.9,10.1,23.6,126.0
2023-09-05,重庆,49.3,80.8,62.2,32.5,9.6,23.6,84.0
2023-09-06,北京,31.7,47.3,94.1,32.6,10.4,23.3,76.0
2023-09-06,上海,50.6,80.6,12.6,58.3,13.7,23.3,66.0
2023-09-06,广州,29.9,58.8,125.8,22.9,15.1,23.3,86.0
2023-09-06,深圳,11.2,31.4,67.9,57.9,13.7,23.3,41.0
2023-09-06,杭州,44.3,78.7,82.2,47.5,10.2,23.3,86.0
2023-09-06,成都,46.2,68.2,61.0,25.0,13.0,23.3,80.0
2023-09-06,武汉,36.7,56.1,70.7,35.3,12.0,23.3,72.0
2023-09-06,西安,36.8,65.4,77.8,58.5,18.2,23.3,75.0
2023-09-06,南京,31.8,61.4,59.8,52.9,5.2,23.3,62.0
2023-09-06,重庆,11.7,19.7,58.7,34.7,17.5,23.3,38.0
2023-09-07,北京,30.3,53.0,58.0,22.6,11.8,23.0,60.0
2023-09-07,上海,43.9,65.2,55.7,40.1,9.6,23.0,75.0
2023-09-07,广州,68.9,116.2,85.9,49.8,20.4,23.0,117.0
2023-09-07,深圳,41.2,68.2,89.5,19.6,19.8,23.0,85.0
2023-09-07,杭州,23.8,46.0,75.0,44.7,8.9,23.0,59.0
2023-09-07,成都,32.3,56.3,89.6,33.6,11.3,23.0,75.0
2023-09-07,武汉,44.2,80.7,,48.9,18.2,23.0,92.0
2023-09-07,西安,45.5,75.9,94.4,37.1,19.8,23.0,92.0
2023-09-07,南京,37.7,65.4,79.4,25.6,12.3,23.0,77.0
2023-09-07,重庆,49.7,89.5,80.0,58.5,11.0,23.0,92.0
2023-09-08,北京,61.4,100.6,49.6,23.5,17.0,22.6,94.0
2023-09-08,上海,38.0,64.0,71.8,43.5,16.0,22.6,74.0
2023-09-08,广州,30.0,50.2,64.0,32.7,10.9,22.6,62.0
2023-09-08,深圳,40.5,74.5,77.0,36.9,12.7,22.6,79.0
2023-09-08,杭州,42.7,66.9,52.1,29.3,3.8,22.6,72.0
2023-09-08,成都,67.1,106.2,73.9,24.2,15.3,22.6,110.0
2023-09-08,武汉,25.4,62.5,50.4,48.4,10.5,22.6,51.0
2023-09-08,西安,22.0,33.6,71.8,45.8,8.7,22.6,55.0
2023-09-08,南京,65.7,116.8,80.5,45.3,10.0,22.6,111.0
2023-09-08,重庆,53.3,88.3,108.1,52.5,4.3,22.6,107.0
2023-09-09,北京,37.9,62.3,69.2,19.9,12.4,22.3,73.0
2023-09-09,上海,59.8,103.7,49.6,20.2,14.7,22.3,92.0
2023-09-09,广州,27.2,40.1,48.8,44.1,7.2,22.3,52.0
2023-09-09,深圳,56.0,86.9,80.7,36.5,11.9,22.3,99.0
2023-09-09,杭州,45.8,77.5,52.9,55.2,7.2,22.3,76.0
2023-09-09,成都,42.4,72.6,71.3,21.3,8.4,22.3,79.0
2023-09-09,武汉,40.8,62.2,73.9,49.6,14.4,22.3,79.0
2023-09-09,西安,41.2,68.8,62.4,37.4,10.5,22.3,74.0
2023-09-09,南京,20.5,42.2,47.8,24.2,10.4,22.3,44.0
2023-09-09,重庆,,48.3,80.5,8.5,4.8,22.3,63.0
2023-09-10,北京,29.7,58.5,,39.0,13.5,22.0,57.0
2023-09-10,上海,39.8,72.1,72.5,53.1,9.2,22.0,77.0
2023-09-10,广州,46.8,85.7,92.2,53.2,13.2,22.0,93.0
2023-09-10,深圳,39.4,65.5,68.7,14.7,10.9,22.0,75.0
2023-09-10,杭州,37.0,67.4,81.2,36.0,7.6,22.0,77.0
2023-09-10,成都,46.2,79.6,57.4,26.3,19.0,22.0,78.0
2023-09-10,武汉,38.1,64.9,57.5,32.3,7.6,22.0,69.0
2023-09-10,西安,23.1,53.4,62.3,47.5,3.1,22.0,53.0
2023-09-10,南京,,53.5,94.0,29.5,9.3,22.0,62.0
2023-09-10,重庆,22.3,53.2,70.2,24.6,12.0,22.0,55.0
2023-09-11,北京,13.0,31.4,37.8,43.3,9.9,21.7,31.0
2023-09-11,上海,26.0,43.9,52.4,35.7,9.4,21.7,52.0
2023-09-11,广州,30.3,58.4,117.0,32.0,12.3,21.7,83.0
2023-09-11,深圳,39.6,71.8,76.5,34.7,16.3,21.7,78.0
2023-09-11,杭州,39.8,66.3,48.6,33.2,1.6,21.7,67.0
2023-09-11,成都,57.3,88.8,30.0,36.0,15.5,21.7,81.0
2023-09-11,武汉,42.3,80.9,73.1,39.7,2.5,21.7,80.0
2023-09-11,西安,42.5,79.7,37.9,46.3,4.7,21.7,66.0
2023-09-11,南京,15.1,33.1,56.5,26.9,14.4,21.7,41.0
2023-09-11,重庆,14.2,20.6,100.9,41.5,12.8,21.7,57.0
2023-09-12,北京,39.9,70.4,50.7,4.3,12.6,21.3,68.0
2023-09-12,上海,27.9,46.2,69.2,54.1,9.2,21.3,61.0
2023-09-12,广州,,31.7,74.8,36.6,8.8,21.3,56.0
2023-09-12,深圳,36.2,61.4,95.7,29.2,19.7,21.3,82.0
2023-09-12,杭州,16.6,33.4,92.8,14.0,6.5,21.3,57.0
2023-09-12,成都,48.8,91.1,91.7,33.6,13.6,21.3,95.0
2023-09-12,武汉,44.4,75.7,107.9,45.1,14.9,21.3,96.0
2023-09-12,西安,47.5,93.8,91.8,32.3,12.9,21.3,94.0
2023-09-12,南京,31.5,57.2,88.9,28.8,10.7,21.3,73.0
2023-09-12,重庆,39.5,55.4,57.3,40.3,18.0,21.3,70.0
2023-09-13,北京,26.9,56.0,84.9,18.8,11.4,21.0,66.0
2023-09-13,上海,36.4,69.9,77.4,32.5,8.8,21.0,75.0
2023-09-13,广州,61.0,104.9,99.8,35.3,9.3,21.0,113.0
2023-09-13,深圳,52.4,96.1,102.6,33.0,5.4,21.0,104.0
2023-09-13,杭州,45.0,78.6,58.7,44.9,19.8,21.0,77.0
2023-09-13,成都,53.4,90.8,40.2,32.3,17.4,21.0,80.0
2023-09-13,武汉,25.1,49.3,74.5,36.8,13.5,21.0,60.0
2023-09-13,西安,37.5,68.8,79.1,30.0,5.5,21.0,77.0
2023-09-13,南京,39.8,67.1,93.5,27.6,6.0,21.0,85.0
2023-09-13,重庆,38.0,72.2,86.1,26.1,6.7,21.0,80.0
2023-09-14,北京,32.4,57.9,74.1,42.4,12.9,20.7,69.0
2023-09-14,上海,20.1,36.4,60.0,39.0,18.9,20.7,48.0
2023-09-14,广州,31.2,58.5,69.1,38.7,19.3,20.7,65.0
2023-09-14,深圳,32.3,61.6,49.1,37.8,15.2,20.7,58.0
2023-09-14,杭州,26.5,44.2,46.8,50.4,13.9,20.7,51.0
2023-09-14,成都,45.7,80.5,39.2,45.6,1.6,20.7,71.0
2023-09-14,武汉,51.4,88.4,69.5,56.6,15.2,20.7,89.0
2023-09-14,西安,34.1,63.7,83.4,45.0,14.7,20.7,74.0
2023-09-14,南京,40.0,64.6,35.5,27.5,15.2,20.7,62.0
2023-09-14,重庆,27.0,45.8,76.3,27.7,7.2,20.7,63.0
2023-09-15,北京,38.4,67.5,95.9,42.8,14.1,20.4,84.0
2023-09-15,上海,34.7,66.3,57.8,29.8,12.6,20.4,65.0
2023-09-15,广州,28.0,41.2,76.1,49.1,28.6,20.4,64.0
2023-09-15,深圳,48.5,86.2,51.8,36.9,10.6,20.4,79.0
2023-09-15,杭州,20.9,39.7,82.4,31.2,8.3,20.4,58.0
2023-09-15,成都,27.8,53.5,94.6,17.6,2.5,20.4,71.0
2023-09-15,武汉,38.6,80.6,82.0,36.9,11.8,20.4,79.0
2023-09-15,西安,22.9,47.6,40.2,44.9,14.0,20.4,44.0
2023-09-15,南京,39.9,60.9,98.8,33.4,7.2,20.4,87.0
2023-09-15,重庆,30.1,50.7,120.9,51.6,13.5,20.4,84.0
2023-09-16,北京,45.5,89.1,43.8,25.4,20.9,20.0,72.0
2023-09-16,上海,46.6,79.5,93.4,19.9,10.2,20.0,93.0
2023-09-16,广州,45.1,79.7,65.2,59.1,14.2,20.0,80.0
2023-09-16,深圳,41.7,71.5,41.3,32.8,15.7,20.0,67.0
2023-09-16,杭州,9.8,19.9,80.1,8.0,14.2,20.0,44.0
2023-09-16,成都,42.0,66.7,67.8,34.4,17.8,20.0,78.0
2023-09-16,武汉,38.2,69.3,51.0,25.5,17.9,20.0,66.0
2023-09-16,西安,46.4,74.2,86.2,26.6,11.6,20.0,90.0
2023-09-16,南京,16.5,31.8,74.2,56.4,11.2,20.0,49.0
2023-09-16,重庆,33.3,60.0,96.0,44.9,8.1,20.0,78.0
2023-09-17,北京,32.9,62.4,113.9,50.6,7.6,19.7,85.0
2023-09-17,上海,25.2,48.5,117.3,65.6,22.0,19.7,77.0
2023-09-17,广州,54.3,86.2,73.0,28.4,8.1,19.7,94.0
2023-09-17,深圳,23.6,46.9,82.2,29.4,23.5,19.7,61.0
2023-09-17,杭州,61.8,99.2,79.2,57.0,17.8,19.7,106.0
2023-09-17,成都,51.8,83.9,82.0,16.1,1.6,19.7,95.0
2023-09-17,武汉,11.4,31.1,89.4,29.0,11.0,19.7,49.0
2023-09-17,西安,30.7,61.4,99.6,22.0,12.2,19.7,77.0
2023-09-17,南京,16.6,32.9,83.6,20.3,10.4,19.7,53.0
2023-09-17,重庆,33.0,62.0,81.2,58.2,6.7,19.7,72.0
2023-09-18,北京,54.9,88.3,92.2,28.2,15.9,19.4,103.0
2023-09-18,上海,,86.4,56.8,53.9,9.1,19.4,81.0
2023-09-18,广州,42.3,72.1,96.5,17.0,13.9,19.4,89.0
2023-09-18,深圳,37.9,74.4,41.7,38.0,8.5,19.4,62.0
2023-09-18,杭州,39.2,72.0,82.2,58.8,9.4,19.4,80.0
2023-09-18,成都,48.7,85.4,84.0,34.3,7.8,19.4,92.0
2023-09-18,武汉,29.3,56.1,127.6,34.7,13.5,19.4,86.0
2023-09-18,西安,37.0,63.7,99.3,53.9,21.2,19.4,84.0
2023-09-18,南京,30.9,52.7,91.5,31.7,14.3,19.4,74.0
2023-09-18,重庆,30.3,55.2,80.5,22.9,11.8,19.4,69.0
2023-09-19,北京,44.2,81.8,54.9,23.4,13.3,19.0,75.0
2023-09-19,上海,37.6,58.8,107.7,55.0,6.6,19.0,88.0
2023-09-19,广州,41.8,74.1,55.0,31.1,8.2,19.0,72.0
2023-09-19,深圳,21.6,37.3,42.2,45.6,8.0,19.0,43.0
2023-09-19,杭州,24.2,41.4,45.3,56.4,18.9,19.0,47.0
2023-09-19,成都,34.9,63.5,89.2,55.0,13.8,19.0,78.0
2023-09-19,武汉,34.3,65.5,77.1,28.3,18.5,19.0,72.0
2023-09-19,西安,33.7,57.1,11.6,16.2,11.1,19.0,45.0
2023-09-19,南京,19.7,44.4,,27.4,25.3,19.0,56.0
2023-09-19,重庆,42.7,74.7,90.0,39.3,7.8,19.0,87.0
2023-09-20,北京,28.6,55.1,73.8,51.6,8.0,18.7,64.0
2023-09-20,上海,34.9,63.9,94.2,52.2,8.8,18.7,80.0
2023-09-20,广州,54.4,90.7,,49.0,19.0,18.7,92.0
2023-09-20,深圳,47.2,82.4,66.9,29.6,9.0,18.7,83.0
2023-09-20,杭州,52.9,92.6,88.9,43.1,10.3,18.7,99.0
2023-09-20,成都,32.5,55.1,85.8,43.9,3.3,18.7,73.0
2023-09-20,武汉,30.7,69.2,104.2,23.9,12.6,18.7,79.0
2023-09-20,西安,35.5,59.9,74.9,32.1,18.3,18.7,73.0
2023-09-20,南京,39.0,67.4,49.3,32.7,10.9,18.7,67.0
2023-09-20,重庆,51.3,84.6,49.1,33.5,3.8,18.7,81.0
2023-09-21,北京,56.7,92.8,80.4,35.4,3.2,18.3,100.0
2023-09-21,上海,25.5,46.4,96.6,47.6,17.0,18.3,69.0
2023-09-21,广州,32.7,58.0,63.1,26.9,17.7,18.3,64.0
2023-09-21,深圳,16.4,41.7,65.4,28.4,13.8,18.3,46.0
2023-09-21,杭州,43.9,75.6,90.0,20.0,16.9,18.3,89.0
2023-09-21,成都,30.0,55.1,93.0,25.8,7.7,18.3,73.0
2023-09-21,武汉,41.8,75.4,44.0,31.0,15.2,18.3,68.0
2023-09-21,西安,62.2,103.2,68.0,49.4,8.6,18.3,102.0
2023-09-21,南京,50.1,89.7,81.0,40.4,20.2,18.3,93.0
2023-09-21,重庆,23.2,38.4,70.4,36.2,5.3,18.3,56.0
2023-09-22,北京,39.4,69.9,61.5,38.9,7.9,18.0,72.0
2023-09-22,上海,31.7,56.1,86.2,38.2,10.4,18.0,73.0
2023-09-22,广州,59.6,96.6,46.4,33.3,3.7,18.0,90.0
2023-09-22,深圳,47.6,69.5,70.6,37.0,7.6,18.0,85.0
2023-09-22,杭州,63.4,113.1,71.6,23.4,11.4,18.0,105.0
2023-09-22,成都,43.8,75.7,75.5,48.7,14.9,18.0,83.0
2023-09-22,武汉,28.9,51.8,30.9,36.6,12.5,18.0,47.0
2023-09-22,西安,49.9,90.3,61.2,35.7,17.6,18.0,84.0
2023-09-22,南京,16.6,34.6,84.5,42.4,6.3,18.0,54.0
2023-09-22,重庆,37.0,52.3,85.4,50.4,10.7,18.0,79.0
2023-09-23,北京,14.4,26.8,66.7,31.1,13.6,17.7,44.0
2023-09-23,上海,61.9,97.9,47.5,44.7,17.8,17.7,93.0
2023-09-23,广州,38.1,61.5,53.8,15.6,12.3,17.7,67.0
2023-09-23,深圳,44.9,80.1,65.4,26.5,20.4,17.7,80.0
2023-09-23,杭州,27.2,49.3,62.2,24.1,7.0,17.7,58.0
2023-09-23,成都,43.8,72.9,67.4,34.4,15.3,17.7,80.0
2023-09-23,武汉,43.6,79.1,103.0,28.8,12.4,17.7,94.0
2023-09-23,西安,53.8,93.2,85.7,26.4,22.1,17.7,99.0
2023-09-23,南京,56.0,91.5,75.0,40.5,6.5,17.7,97.0
2023-09-23,重庆,41.2,74.2,82.8,44.3,17.8,17.7,83.0
2023-09-24,北京,36.3,72.5,87.4,47.6,12.0,17.3,79.0
2023-09-24,上海,54.5,97.5,111.4,40.8,18.9,17.3,110.0
2023-09-24,广州,42.9,80.5,70.5,39.8,2.6,17.3,80.0
2023-09-24,深圳,,97.3,83.3,30.1,16.6,17.3,104.0
2023-09-24,杭州,30.3,50.6,89.7,54.2,18.2,17.3,72.0
2023-09-24,成都,30.1,57.1,92.4,19.9,8.1,17.3,73.0
2023-09-24,武汉,43.9,74.0,77.0,33.0,5.5,17.3,83.0
2023-09-24,西安,28.5,52.6,66.6,27.7,11.0,17.3,61.0
2023-09-24,南京,20.2,38.2,83.3,42.3,13.5,17.3,58.0
2023-09-24,重庆,24.6,30.1,83.1,20.8,12.8,17.3,63.0
2023-09-25,北京,62.5,110.4,,38.1,14.8,17.0,114.0
2023-09-25,上海,,77.6,70.0,28.9,9.5,17.0,90.0
2023-09-25,广州,,67.4,52.4,23.7,15.7,17.0,67.0
2023-09-25,深圳,39.7,66.5,82.3,39.0,12.4,17.0,81.0
2023-09-25,杭州,,96.4,71.0,28.4,4.0,17.0,97.0
2023-09-25,成都,31.1,55.3,43.5,36.6,15.5,17.0,55.0
2023-09-25,武汉,24.2,44.5,,26.4,22.5,17.0,49.0
2023-09-25,西安,41.9,73.9,94.3,38.3,16.5,17.0,88.0
2023-09-25,南京,57.7,101.8,55.4,31.2,13.6,17.0,91.0
2023-09-25,重庆,51.1,91.1,83.7,47.8,7.8,17.0,95.0
2023-09-26,北京,5.5,22.9,89.8,26.3,16.6,16.6,43.0
2023-09-26,上海,23.0,45.8,99.2,47.0,7.7,16.6,67.0
2023-09-26,广州,30.0,56.5,82.7,36.0,14.1,16.6,69.0
2023-09-26,深圳,21.7,39.4,72.5,37.4,18.2,16.6,55.0
2023-09-26,杭州,31.2,59.4,,49.3,8.8,16.6,65.0
2023-09-26,成都,37.1,64.0,94.7,29.5,15.3,16.6,82.0
2023-09-26,武汉,27.9,53.4,79.3,25.1,22.8,16.6,65.0
2023-09-26,西安,53.9,83.9,94.8,32.5,6.6,16.6,103.0
2023-09-26,南京,42.5,74.2,68.7,39.0,14.2,16.6,78.0
2023-09-26,重庆,35.3,60.1,54.8,31.2,15.9,16.6,64.0
2023-09-27,北京,29.1,39.0,104.3,44.7,15.2,16.3,77.0
2023-09-27,上海,35.1,69.4,45.4,63.4,18.5,16.3,60.0
2023-09-27,广州,34.3,58.8,,37.9,5.6,16.3,69.0
2023-09-27,深圳,39.6,59.0,55.5,52.8,15.0,16.3,70.0
2023-09-27,杭州,40.2,69.3,93.6,32.8,14.1,16.3,86.0
2023-09-27,成都,45.2,73.7,53.8,16.7,12.9,16.3,76.0
2023-09-27,武汉,41.0,63.0,67.1,24.5,9.2,16.3,76.0
2023-09-27,西安,33.9,56.6,73.5,17.1,11.5,16.3,70.0
2023-09-27,南京,64.9,103.7,66.2,21.6,11.7,16.3,104.0
2023-09-27,重庆,,95.5,48.6,24.6,16.0,16.3,83.0
2023-09-28,北京,25.4,42.1,88.8,21.9,18.3,15.9,66.0
2023-09-28,上海,,23.1,72.5,38.5,10.2,15.9,41.0
2023-09-28,广州,43.7,71.6,82.6,45.4,14.7,15.9,85.0
2023-09-28,深圳,43.5,65.8,77.0,38.8,12.1,15.9,83.0
2023-09-28,杭州,30.1,52.2,73.1,35.6,7.8,15.9,65.0
2023-09-28,成都,37.6,68.7,79.5,35.3,13.7,15.9,77.0
2023-09-28,武汉,41.7,74.6,57.8,29.2,13.8,15.9,73.0
2023-09-28,西安,1.7,10.5,59.1,21.9,12.2,15.9,26.0
2023-09-28,南京,53.7,86.6,81.5,55.6,13.5,15.9,97.0
2023-09-28,重庆,28.1,50.7,102.9,33.8,10.3,15.9,75.0
2023-09-29,北京,10.9,25.8,72.7,55.8,26.3,15.6,42.0
2023-09-29,上海,46.3,82.0,72.6,28.3,6.8,15.6,85.0
2023-09-29,广州,57.8,97.5,40.1,20.2,9.7,15.6,85.0
2023-09-29,深圳,24.7,44.1,84.2,17.2,14.8,15.6,63.0
2023-09-29,杭州,19.7,31.8,69.4,46.5,30.4,15.6,51.0
2023-09-29,成都,49.8,84.5,103.4,51.6,19.6,15.6,101.0
2023-09-29,武汉,69.0,116.8,70.2,33.4,12.4,15.6,111.0
2023-09-29,西安,41.7,70.4,36.7,46.2,9.1,15.6,65.0
2023-09-29,南京,35.2,64.1,56.0,53.2,9.1,15.6,65.0
2023-09-29,重庆,21.7,42.3,48.7,26.2,3.4,15.6,46.0
2023-09-30,北京,47.4,77.0,68.4,39.9,6.7,15.3,84.0
2023-09-30,上海,15.2,35.2,87.3,39.3,12.9,15.3,53.0
2023-09-30,广州,57.9,101.5,32.9,40.6,20.2,15.3,83.0
2023-09-30,深圳,34.1,59.4,40.7,30.0,17.3,15.3,57.0
2023-09-30,杭州,30.8,52.0,89.1,56.4,10.0,15.3,73.0
2023-09-30,成都,40.8,65.4,83.7,45.9,14.7,15.3,82.0
2023-09-30,武汉,25.6,47.9,57.8,31.5,11.5,15.3,54.0
2023-09-30,西安,55.1,92.8,86.6,51.9,22.7,15.3,101.0
2023-09-30,南京,18.0,32.7,71.5,45.2,7.2,15.3,50.0
2023-09-30,重庆,27.1,41.3,60.6,53.3,5.8,15.3,57.0
2023-10-01,北京,43.5,74.8,76.6,45.0,10.0,14.9,83.0
2023-10-01,上海,36.7,64.8,68.8,38.9,13.3,14.9,72.0
2023-10-01,广州,,67.8,80.4,36.5,9.5,14.9,76.0
2023-10-01,深圳,25.9,52.1,98.0,45.6,12.6,14.9,70.0
2023-10-01,杭州,35.9,62.1,83.4,19.4,22.3,14.9,76.0
2023-10-01,成都,35.4,56.3,80.5,31.2,11.1,14.9,75.0
2023-10-01,武汉,42.2,74.0,89.8,21.2,10.7,14.9,87.0
2023-10-01,西安,35.5,71.4,75.0,25.9,-1.9,14.9,73.0
2023-10-01,南京,62.8,103.8,48.8,26.1,9.7,14.9,95.0
2023-10-01,重庆,17.6,34.3,77.4,43.4,7.9,14.9,52.0
2023-10-02,北京,14.2,31.7,57.3,39.9,20.6,14.6,40.0
2023-10-02,上海,52.6,93.3,70.3,43.1,19.3,14.6,91.0
2023-10-02,广州,-1.9,1.8,75.0,43.6,16.1,14.6,28.0
2023-10-02,深圳,45.9,72.5,67.8,48.7,23.8,14.6,82.0
2023-10-02,杭州,48.2,86.7,57.8,33.0,15.8,14.6,81.0
2023-10-02,成都,49.3,77.8,76.2,35.9,6.5,14.6,90.0
2023-10-02,武汉,50.6,86.7,84.8,24.1,9.5,14.6,95.0
2023-10-02,西安,31.0,45.6,128.7,27.5,17.4,14.6,89.0
2023-10-02,南京,33.7,56.6,62.4,28.5,8.5,14.6,65.0
2023-10-02,重庆,31.1,57.4,95.2,24.3,10.4,14.6,75.0
2023-10-03,北京,46.6,85.8,98.5,31.0,10.4,14.2,95.0
2023-10-03,上海,30.4,57.7,67.3,21.2,11.8,14.2,63.0
2023-10-03,广州,42.0,74.5,115.7,49.4,12.7,14.2,97.0
2023-10-03,深圳,23.8,44.8,113.6,42.3,12.5,14.2,74.0
2023-10-03,杭州,34.6,60.3,135.4,28.6,17.4,14.2,96.0
2023-10-03,成都,24.7,53.8,36.3,40.4,15.3,14.2,44.0
2023-10-03,武汉,38.2,46.9,53.3,27.7,13.4,14.2,67.0
2023-10-03,西安,6.6,26.0,111.0,55.7,13.4,14.2,52.0
2023-10-03,南京,36.7,60.0,97.6,24.3,17.2,14.2,83.0
2023-10-03,重庆,39.4,63.1,54.6,49.9,-1.4,14.2,69.0
2023-10-04,北京,33.1,59.1,,47.4,27.4,13.9,64.0
2023-10-04,上海,27.7,44.2,58.8,16.6,10.2,13.9,57.0
2023-10-04,广州,46.9,83.8,87.9,25.5,-1.1,13.9,91.0
2023-10-04,深圳,57.2,95.2,72.4,21.8,12.3,13.9,98.0
2023-10-04,杭州,38.5,69.5,71.0,57.2,7.9,13.9,75.0
2023-10-04,成都,26.7,43.0,,36.1,-1.2,13.9,51.0
2023-10-04,武汉,37.1,59.8,50.8,24.8,13.7,13.9,65.0
2023-10-04,西安,50.5,82.0,51.1,49.3,1.7,13.9,81.0
2023-10-04,南京,11.3,26.6,72.2,31.2,24.3,13.9,42.0
2023-10-04,重庆,24.0,43.2,74.1,50.5,4.6,13.9,58.0
2023-10-05,北京,34.8,64.1,78.0,-21.7,11.9,13.5,73.0
2023-10-05,上海,47.3,79.5,60.1,38.8,9.8,13.5,81.0
2023-10-05,广州,,82.0,52.5,23.6,13.0,13.5,80.0
2023-10-05,深圳,23.7,49.1,57.6,21.4,13.6,13.5,51.0
2023-10-05,杭州,19.5,41.4,82.9,21.3,7.0,13.5,57.0
2023-10-05,成都,29.4,55.5,81.2,51.8,15.2,13.5,68.0
2023-10-05,武汉,56.0,92.9,65.3,60.8,22.4,13.5,93.0
2023-10-05,西安,32.8,54.5,41.4,41.0,16.7,13.5,56.0
2023-10-05,南京,24.0,42.9,73.9,46.4,18.3,13.5,58.0
2023-10-05,重庆,29.5,46.2,82.0,27.3,12.2,13.5,68.0
2023-10-06,北京,24.9,57.1,51.8,28.6,3.0,13.2,51.0
2023-10-06,上海,51.0,90.8,73.5,23.5,8.8,13.2,91.0
2023-10-06,广州,20.9,45.8,72.6,43.2,20.4,13.2,54.0
2023-10-06,深圳,41.6,66.0,72.9,25.5,4.9,13.2,79.0
2023-10-06,杭州,35.4,61.3,81.2,39.5,14.6,13.2,75.0
2023-10-06,成都,25.7,51.1,93.6,40.7,9.3,13.2,68.0
2023-10-06,武汉,23.9,42.2,73.5,32.3,13.8,13.2,58.0
2023-10-06,西安,26.0,49.9,97.5,27.6,6.6,13.2,70.0
2023-10-06,南京,32.4,54.1,,31.3,12.2,13.2,68.0
2023-10-06,重庆,14.3,31.9,71.5,32.4,13.0,13.2,46.0
2023-10-07,北京,19.7,40.5,63.9,37.7,6.7,12.9,49.0
2023-10-07,上海,50.4,85.3,68.2,28.9,16.9,12.9,88.0
2023-10-07,广州,10.1,23.4,89.6,25.2,6.4,12.9,48.0
2023-10-07,深圳,20.2,44.9,74.0,33.1,0.6,12.9,54.0
2023-10-07,杭州,,44.8,,22.0,12.4,12.9,61.0
2023-10-07,成都,12.0,30.4,47.1,31.5,3.5,12.9,33.0
2023-10-07,武汉,37.8,61.7,79.0,23.8,5.9,12.9,77.0
2023-10-07,西安,27.1,50.0,54.9,28.8,18.8,12.9,54.0
2023-10-07,南京,43.0,76.8,57.5,42.5,14.2,12.9,75.0
2023-10-07,重庆,31.5,51.5,108.1,35.1,6.2,12.9,81.0
2023-10-08,北京,45.7,77.0,59.2,37.2,8.1,12.5,79.0
2023-10-08,上海,49.3,79.9,55.8,36.5,16.7,12.5,81.0
2023-10-08,广州,65.5,110.8,68.0,52.6,18.7,12.5,106.0
2023-10-08,深圳,36.5,63.3,51.8,40.5,6.2,12.5,65.0
2023-10-08,杭州,64.3,107.0,76.5,45.7,3.7,12.5,108.0
2023-10-08,成都,52.2,90.3,90.3,33.1,19.4,12.5,99.0
2023-10-08,武汉,35.6,63.4,,38.2,11.9,12.5,74.0
2023-10-08,西安,14.2,33.2,,30.9,13.7,12.5,53.0
2023-10-08,南京,36.4,66.2,57.4,28.4,16.3,12.5,67.0
2023-10-08,重庆,16.5,37.5,74.7,45.8,14.3,12.5,50.0
2023-10-09,北京,46.5,82.7,43.2,37.0,3.1,12.2,73.0
2023-10-09,上海,42.7,70.6,94.5,28.9,12.9,12.2,89.0
2023-10-09,广州,37.9,67.8,,51.5,5.5,12.2,68.0
2023-10-09,深圳,38.0,65.3,54.5,47.8,14.9,12.2,67.0
2023-10-09,杭州,37.0,60.4,81.1,34.1,8.4,12.2,77.0
2023-10-09,成都,24.3,48.0,46.6,38.8,8.5,12.2,48.0
2023-10-09,武汉,65.6,101.4,61.1,20.2,2.8,12.2,103.0
2023-10-09,西安,44.6,72.8,68.4,38.2,7.4,12.2,81.0
2023-10-09,南京,50.9,94.3,57.2,9.0,6.6,12.2,84.0
2023-10-09,重庆,15.1,30.9,75.4,18.1,14.9,12.2,48.0
2023-10-10,北京,35.5,56.9,73.9,43.4,11.0,11.8,72.0
2023-10-10,上海,69.1,106.8,65.0,17.4,9.3,11.8,109.0
2023-10-10,广州,39.8,75.3,42.9,16.9,27.6,11.8,65.0
2023-10-10,深圳,22.8,29.4,71.6,70.9,11.6,11.8,56.0
2023-10-10,杭州,46.4,85.5,77.0,12.7,17.2,11.8,86.0
2023-10-10,成都,12.5,33.8,53.9,22.9,9.3,11.8,37.0
2023-10-10,武汉,53.5,91.8,44.1,33.5,16.1,11.8,82.0
2023-10-10,西安,33.7,57.5,82.3,35.0,24.3,11.8,73.0
2023-10-10,南京,32.4,60.7,70.2,42.4,12.2,11.8,67.0
2023-10-10,重庆,30.8,55.3,86.0,25.9,11.6,11.8,71.0
2023-10-11,北京,23.6,43.8,53.1,48.3,11.0,11.5,50.0
2023-10-11,上海,42.0,77.7,112.5,48.2,7.9,11.5,95.0
2023-10-11,广州,40.3,71.2,86.4,42.4,12.5,11.5,83.0
2023-10-11,深圳,46.7,85.5,100.7,23.9,9.6,11.5,96.0
2023-10-11,杭州,45.7,70.3,39.1,25.9,9.5,11.5,70.0
2023-10-11,成都,59.0,92.2,28.5,24.0,14.0,11.5,82.0
2023-10-11,武汉,76.6,120.6,59.1,45.0,8.6,11.5,116.0
2023-10-11,西安,47.0,92.6,55.6,41.9,20.5,11.5,79.0
2023-10-11,南京,47.5,83.7,,14.3,10.5,11.5,93.0
2023-10-11,重庆,41.7,63.6,57.2,40.0,13.7,11.5,73.0
2023-10-12,北京,48.0,79.6,74.1,17.5,11.2,11.2,87.0
2023-10-12,上海,21.5,37.6,76.2,20.8,7.4,11.2,56.0
2023-10-12,广州,37.8,75.9,93.9,37.7,3.2,11.2,83.0
2023-10-12,深圳,35.4,58.3,54.1,39.9,13.1,11.2,64.0
2023-10-12,杭州,51.6,87.0,98.4,32.1,20.8,11.2,101.0
2023-10-12,成都,45.1,81.8,79.5,33.1,11.3,11.2,86.0
2023-10-12,武汉,30.8,60.2,83.7,30.2,12.6,11.2,70.0
2023-10-12,西安,43.9,70.1,73.7,54.2,13.2,11.2,82.0
2023-10-12,南京,32.8,57.7,95.7,11.7,4.2,11.2,78.0
2023-10-12,重庆,48.2,88.3,103.0,33.0,17.5,11.2,99.0
2023-10-13,北京,29.9,61.0,61.6,15.7,16.7,10.8,61.0
2023-10-13,上海,45.7,68.2,93.5,64.2,10.0,10.8,92.0
2023-10-13,广州,55.3,90.4,23.6,37.4,17.6,10.8,76.0
2023-10-13,深圳,48.4,75.7,66.2,30.6,19.2,10.8,85.0
2023-10-13,杭州,12.8,31.1,76.7,38.5,10.3,10.8,46.0
2023-10-13,成都,5.4,20.4,81.3,34.8,-1.4,10.8,39.0
2023-10-13,武汉,34.8,68.0,70.7,44.6,9.2,10.8,70.0
2023-10-13,西安,50.9,92.6,58.9,14.0,4.4,10.8,85.0
2023-10-13,南京,,121.6,71.8,31.6,8.7,10.8,111.0
2023-10-13,重庆,55.1,101.0,33.5,44.0,7.9,10.8,80.0
2023-10-14,北京,25.6,51.1,38.4,50.3,7.8,10.5,46.0
2023-10-14,上海,23.9,50.4,72.8,46.5,5.2,10.5,58.0
2023-10-14,广州,,98.9,34.0,44.1,15.4,10.5,79.0
2023-10-14,深圳,38.1,69.5,109.6,31.7,12.9,10.5,90.0
2023-10-14,杭州,36.2,65.9,53.4,33.5,7.2,10.5,65.0
2023-10-14,成都,68.9,115.2,38.2,49.0,11.1,10.5,98.0
2023-10-14,武汉,29.4,61.4,89.8,25.6,16.5,10.5,71.0
2023-10-14,西安,29.9,52.4,50.3,28.0,9.2,10.5,56.0
2023-10-14,南京,33.8,58.5,72.8,43.4,13.0,10.5,70.0
2023-10-14,重庆,48.1,77.4,50.0,42.0,12.0,10.5,78.0
2023-10-15,北京,25.7,50.7,79.4,25.2,13.8,10.1,63.0
2023-10-15,上海,34.1,61.4,68.3,34.9,11.4,10.1,68.0
2023-10-15,广州,35.4,63.5,75.3,44.5,7.9,10.1,73.0
2023-10-15,深圳,43.6,77.9,78.9,52.5,17.5,10.1,84.0
2023-10-15,杭州,23.8,36.9,70.3,31.7,19.7,10.1,57.0
2023-10-15,成都,38.9,74.4,79.4,31.2,11.8,10.1,78.0
2023-10-15,武汉,39.6,73.7,,20.0,22.5,10.1,80.0
2023-10-15,西安,26.5,48.3,121.1,17.4,11.0,10.1,80.0
2023-10-15,南京,42.9,80.9,64.0,37.1,10.2,10.1,77.0
2023-10-15,重庆,58.8,101.6,57.0,26.6,16.1,10.1,93.0
2023-10-16,北京,,45.4,88.5,24.7,12.8,9.8,71.0
2023-10-16,上海,23.8,50.7,74.8,33.2,-2.1,9.8,58.0
2023-10-16,广州,50.8,79.3,85.6,25.3,4.9,9.8,95.0
2023-10-16,深圳,36.0,62.8,81.8,41.3,18.7,9.8,76.0
2023-10-16,杭州,37.7,58.8,106.0,50.9,17.7,9.8,88.0
2023-10-16,成都,53.2,88.9,71.3,18.0,16.6,9.8,92.0
2023-10-16,武汉,20.8,40.4,76.1,37.5,14.1,9.8,55.0
2023-10-16,西安,38.8,72.0,95.7,18.6,2.1,9.8,85.0
2023-10-16,南京,55.3,94.5,97.9,36.5,8.0,9.8,106.0
2023-10-16,重庆,40.9,59.0,67.3,30.4,10.2,9.8,76.0
2023-10-17,北京,45.3,76.9,79.9,26.7,23.0,9.5,86.0
2023-10-17,上海,,70.7,63.2,37.2,3.9,9.5,72.0
2023-10-17,广州,57.0,87.5,60.8,39.8,13.2,9.5,93.0
2023-10-17,深圳,45.6,78.3,110.3,40.4,3.3,9.5,99.0
2023-10-17,杭州,37.7,74.2,93.5,42.1,12.5,9.5,83.0
2023-10-17,成都,65.4,101.0,73.0,47.1,15.9,9.5,108.0
2023-10-17,武汉,39.0,57.6,74.2,40.7,14.0,9.5,76.0
2023-10-17,西安,8.8,28.9,64.3,26.8,4.8,9.5,36.0
2023-10-17,南京,66.2,110.1,66.1,23.2,18.6,9.5,106.0
2023-10-17,重庆,37.3,67.5,84.9,40.5,4.7,9.5,79.0
2023-10-18,北京,17.1,34.5,85.1,25.9,7.5,9.1,55.0
2023-10-18,上海,42.7,69.4,84.9,38.6,15.8,9.1,85.0
2023-10-18,广州,54.6,90.8,61.4,28.4,9.4,9.1,90.0
2023-10-18,深圳,44.5,83.6,87.8,40.2,4.4,9.1,89.0
2023-10-18,杭州,55.5,92.4,70.4,47.3,9.6,9.1,95.0
2023-10-18,成都,,83.3,88.9,31.0,16.4,9.1,93.0
2023-10-18,武汉,27.7,48.1,31.8,50.6,9.8,9.1,46.0
2023-10-18,西安,38.6,67.2,76.7,25.7,10.1,9.1,77.0
2023-10-18,南京,24.0,49.0,102.1,38.0,17.5,9.1,70.0
2023-10-18,重庆,23.2,46.3,,47.8,8.7,9.1,57.0
2023-10-19,北京,56.7,82.9,87.9,55.7,4.2,8.8,103.0
2023-10-19,上海,44.4,77.3,41.0,34.6,11.2,8.8,70.0
2023-10-19,广州,32.2,61.8,40.7,27.2,14.9,8.8,55.0
2023-10-19,深圳,54.9,87.9,46.0,51.6,14.9,8.8,84.0
2023-10-19,杭州,12.8,25.4,67.0,28.4,15.3,8.8,42.0
2023-10-19,成都,21.5,44.3,37.2,24.2,11.3,8.8,41.0
2023-10-19,武汉,17.8,37.7,105.5,52.3,5.1,8.8,64.0
2023-10-19,西安,47.8,83.7,62.1,53.9,16.8,8.8,82.0
2023-10-19,南京,18.7,32.7,55.0,32.0,21.1,8.8,44.0
2023-10-19,重庆,63.3,102.9,46.6,21.7,15.4,8.8,95.0
2023-10-20,北京,33.5,67.6,37.8,43.8,23.9,8.5,55.0
2023-10-20,上海,46.1,76.9,65.4,31.9,9.8,8.5,81.0
2023-10-20,广州,31.1,53.3,75.0,26.6,9.0,8.5,67.0
2023-10-20,深圳,,77.1,66.2,46.4,9.5,8.5,79.0
2023-10-20,杭州,57.0,92.4,100.6,19.2,11.5,8.5,109.0
2023-10-20,成都,48.4,80.1,88.0,28.2,9.5,8.5,93.0
2023-10-20,武汉,47.0,86.0,84.7,31.0,23.2,8.5,90.0
2023-10-20,西安,42.6,76.1,48.9,32.0,18.8,8.5,71.0
2023-10-20,南京,14.8,23.7,117.1,41.8,12.0,8.5,65.0
2023-10-20,重庆,75.3,124.7,60.8,37.0,22.1,8.5,115.0
2023-10-21,北京,27.3,47.8,61.4,39.2,10.5,8.2,57.0
2023-10-21,上海,39.1,80.7,77.2,39.1,13.1,8.2,78.0
2023-10-21,广州,34.2,56.6,75.4,29.9,8.8,8.2,71.0
2023-10-21,深圳,25.2,49.3,93.3,29.7,3.7,8.2,68.0
2023-10-21,杭州,35.9,63.1,101.7,20.2,19.0,8.2,84.0
2023-10-21,成都,17.3,36.0,82.1,41.7,18.9,8.2,54.0
2023-10-21,武汉,49.7,78.1,75.8,55.1,6.7,8.2,90.0
2023-10-21,西安,48.5,78.1,84.2,49.7,14.8,8.2,92.0
2023-10-21,南京,48.4,85.2,105.6,26.2,10.2,8.2,100.0
2023-10-21,重庆,41.8,84.0,84.2,47.5,19.5,8.2,84.0
2023-10-22,北京,19.7,44.6,91.8,39.7,13.1,7.8,60.0
2023-10-22,上海,57.4,100.3,74.5,16.0,9.7,7.8,99.0
2023-10-22,广州,70.3,124.4,58.0,27.4,14.0,7.8,108.0
2023-10-22,深圳,52.3,86.4,63.3,48.6,12.3,7.8,88.0
2023-10-22,杭州,24.5,50.1,102.1,13.1,23.6,7.8,70.0
2023-10-22,成都,53.3,90.9,90.0,49.4,8.8,7.8,100.0
2023-10-22,武汉,60.3,85.4,,23.1,14.2,7.8,108.0
2023-10-22,西安,28.2,50.8,66.5,37.1,8.9,7.8,60.0
2023-10-22,南京,42.9,72.6,,39.1,13.8,7.8,96.0
2023-10-22,重庆,32.2,57.7,55.2,22.0,4.8,7.8,61.0
2023-10-23,北京,14.4,34.4,67.4,22.7,20.1,7.5,44.0
2023-10-23,上海,57.4,91.2,81.4,23.7,7.6,7.5,101.0
2023-10-23,广州,64.4,108.4,81.9,25.1,16.6,7.5,110.0
2023-10-23,深圳,39.1,61.8,91.5,44.2,13.2,7.5,84.0
2023-10-23,杭州,35.0,63.2,134.0,52.7,12.4,7.5,96.0
2023-10-23,成都,78.6,130.5,88.7,57.4,15.3,7.5,130.0
2023-10-23,武汉,49.8,84.6,75.1,35.0,16.1,7.5,90.0
2023-10-23,西安,37.5,65.3,60.7,43.6,5.8,7.5,69.0
2023-10-23,南京,11.4,13.5,89.2,28.2,11.1,7.5,49.0
2023-10-23,重庆,47.8,82.5,85.1,34.5,6.6,7.5,91.0
2023-10-24,北京,57.0,91.9,72.2,35.7,2.4,7.2,97.0
2023-10-24,上海,37.4,63.1,22.3,18.5,12.4,7.2,54.0
2023-10-24,广州,47.7,85.8,55.7,28.2,14.4,7.2,80.0
2023-10-24,深圳,16.4,24.4,21.4,28.0,21.6,7.2,28.0
2023-10-24,杭州,9.1,23.5,55.3,49.3,9.2,7.2,33.0
2023-10-24,成都,41.6,64.0,59.9,34.6,6.4,7.2,74.0
2023-10-24,武汉,,57.3,92.6,31.9,14.8,7.2,75.0
2023-10-24,西安,52.2,91.3,96.1,50.7,11.4,7.2,101.0
2023-10-24,南京,31.1,63.0,58.1,50.8,12.4,7.2,61.0
2023-10-24,重庆,47.4,79.2,86.1,37.2,16.3,7.2,91.0
2023-10-25,北京,31.8,57.1,91.1,45.5,13.0,6.9,75.0
2023-10-25,上海,55.9,92.8,72.9,17.4,9.8,6.9,96.0
2023-10-25,广州,39.7,75.6,66.7,15.9,19.7,6.9,74.0
2023-10-25,深圳,48.4,75.3,46.6,20.5,4.0,6.9,77.0
2023-10-25,杭州,29.9,55.8,56.2,40.4,13.3,6.9,58.0
2023-10-25,成都,,66.1,74.7,34.4,13.0,6.9,77.0
2023-10-25,武汉,39.3,55.1,58.1,57.4,9.8,6.9,70.0
2023-10-25,西安,41.1,68.7,65.7,38.6,4.6,6.9,76.0
2023-10-25,南京,38.9,66.9,78.6,16.4,9.6,6.9,78.0
2023-10-25,重庆,49.4,84.5,101.7,38.3,9.4,6.9,100.0
2023-10-26,北京,48.1,80.6,121.1,40.0,14.0,6.6,106.0
2023-10-26,上海,,79.7,83.1,33.4,18.3,6.6,82.0
2023-10-26,广州,44.5,79.9,38.4,27.6,7.1,6.6,69.0
2023-10-26,深圳,36.0,61.3,63.2,25.2,10.1,6.6,68.0
2023-10-26,杭州,33.5,59.6,68.9,35.2,9.3,6.6,68.0
2023-10-26,成都,35.0,64.9,76.9,43.0,9.6,6.6,73.0
2023-10-26,武汉,41.9,81.0,60.3,34.4,14.6,6.6,74.0
2023-10-26,西安,36.8,58.7,106.5,17.8,5.0,6.6,87.0
2023-10-26,南京,55.3,98.7,77.0,12.5,10.2,6.6,97.0
2023-10-26,重庆,62.0,98.2,67.1,44.9,17.9,6.6,101.0
2023-10-27,北京,71.0,112.4,56.1,39.9,12.5,6.3,108.0
2023-10-27,上海,15.7,36.3,34.6,24.8,14.3,6.3,33.0
2023-10-27,广州,42.9,78.3,46.2,45.7,10.8,6.3,70.0
2023-10-27,深圳,32.7,56.4,67.2,33.7,11.6,6.3,66.0
2023-10-27,杭州,37.0,62.4,106.2,34.6,15.3,6.3,87.0
2023-10-27,成都,29.3,48.6,82.0,27.9,14.6,6.3,68.0
2023-10-27,武汉,62.4,108.0,75.0,37.3,7.5,6.3,105.0
2023-10-27,西安,,100.5,77.5,4.5,8.9,6.3,101.0
2023-10-27,南京,35.1,57.1,86.0,46.0,11.6,6.3,77.0
2023-10-27,重庆,45.4,74.3,,52.4,16.5,6.3,80.0
2023-10-28,北京,69.6,112.3,77.4,36.7,8.2,6.0,114.0
2023-10-28,上海,43.8,71.3,83.9,40.6,11.6,6.0,86.0
2023-10-28,广州,62.3,105.1,52.8,21.6,12.6,6.0,96.0
2023-10-28,深圳,20.8,35.4,61.8,31.5,18.0,6.0,50.0
2023-10-28,杭州,18.7,32.9,90.8,8.5,15.4,6.0,59.0
2023-10-28,成都,45.2,66.2,96.3,38.3,23.4,6.0,93.0
2023-10-28,武汉,25.4,55.3,58.5,37.2,6.1,6.0,54.0
2023-10-28,西安,37.0,73.3,97.6,26.7,14.0,6.0,83.0
2023-10-28,南京,24.3,50.6,42.9,29.7,17.8,6.0,46.0
2023-10-28,重庆,65.9,107.4,82.6,37.2,14.1,6.0,112.0
2023-10-29,北京,36.9,66.2,92.0,18.8,13.3,5.7,81.0
2023-10-29,上海,31.2,53.3,65.8,38.4,11.8,5.7,64.0
2023-10-29,广州,48.5,85.3,63.4,48.7,18.3,5.7,84.0
2023-10-29,深圳,49.4,82.1,50.5,38.5,17.6,5.7,79.0
2023-10-29,杭州,46.8,75.9,57.0,49.9,8.7,5.7,79.0
2023-10-29,成都,40.4,71.8,105.1,10.0,10.4,5.7,91.0
2023-10-29,武汉,10.8,16.4,74.2,17.3,13.2,5.7,43.0
2023-10-29,西安,53.6,93.0,93.3,35.0,18.3,5.7,102.0
2023-10-29,南京,17.7,34.7,67.7,45.9,10.9,5.7,48.0
2023-10-29,重庆,51.4,80.7,52.6,20.1,13.3,5.7,83.0
2023-10-30,北京,26.7,55.9,69.6,46.2,12.4,5.3,60.0
2023-10-30,上海,29.7,46.3,85.5,45.7,9.3,5.3,70.0
2023-10-30,广州,34.0,66.4,67.2,47.2,14.0,5.3,68.0
2023-10-30,深圳,61.7,98.7,83.5,40.0,3.9,5.3,107.0
2023-10-30,杭州,38.2,65.5,56.2,41.6,10.5,5.3,68.0
2023-10-30,成都,67.7,115.2,104.5,32.0,2.8,5.3,123.0
2023-10-30,武汉,31.1,62.0,64.7,26.1,7.4,5.3,63.0
2023-10-30,西安,40.0,65.6,64.8,36.9,19.2,5.3,74.0
2023-10-30,南京,,43.7,108.8,21.2,14.2,5.3,78.0
2023-10-30,重庆,40.8,67.5,81.7,40.1,14.2,5.3,82.0
2023-10-31,北京,34.5,56.0,49.0,30.7,12.7,5.0,61.0
2023-10-31,上海,43.0,62.2,37.4,40.6,13.3,5.0,67.0
2023-10-31,广州,6.1,17.6,74.6,32.0,12.4,5.0,37.0
2023-10-31,深圳,50.9,85.4,35.5,46.5,8.8,5.0,75.0
2023-10-31,杭州,34.8,65.4,26.3,26.2,20.5,5.0,52.0
2023-10-31,成都,42.7,74.1,49.3,17.5,12.6,5.0,71.0
2023-10-31,武汉,40.6,77.6,99.4,38.8,9.7,5.0,88.0
2023-10-31,西安,27.0,51.3,94.9,29.3,11.9,5.0,70.0
2023-10-31,南京,57.3,91.3,82.8,38.2,17.2,5.0,102.0
2023-10-31,重庆,25.6,48.5,45.5,39.5,-5.6,5.0,49.0
2023-11-01,北京,57.7,103.5,29.4,24.7,6.8,4.8,81.0
2023-11-01,上海,44.9,77.8,69.1,28.8,15.8,4.8,82.0
2023-11-01,广州,,87.5,64.3,60.3,3.1,4.8,89.0
2023-11-01,深圳,41.9,77.6,88.5,41.7,6.1,4.8,86.0
2023-11-01,杭州,49.6,86.1,60.5,19.5,9.4,4.8,84.0
2023-11-01,成都,48.3,79.6,84.9,31.7,15.2,4.8,92.0
2023-11-01,武汉,26.1,42.9,78.8,29.8,10.4,4.8,63.0
2023-11-01,西安,48.1,79.4,94.5,40.5,13.1,4.8,96.0
2023-11-01,南京,45.1,67.4,98.5,54.1,13.1,4.8,94.0
2023-11-01,重庆,55.9,82.7,43.0,48.2,9.3,4.8,84.0
2023-11-02,北京,12.9,34.8,92.5,46.7,10.9,4.5,52.0
2023-11-02,上海,59.0,101.2,62.6,49.8,9.6,4.5,96.0
2023-11-02,广州,70.0,117.6,112.2,47.2,9.8,4.5,129.0
2023-11-02,深圳,54.7,98.9,75.0,45.4,7.8,4.5,96.0
2023-11-02,杭州,49.0,75.8,85.4,21.3,7.4,4.5,93.0
2023-11-02,成都,35.4,60.7,52.4,43.4,13.4,4.5,63.0
2023-11-02,武汉,58.5,94.0,65.7,26.0,11.2,4.5,96.0
2023-11-02,西安,22.8,43.4,59.6,56.3,5.8,4.5,51.0
2023-11-02,南京,28.9,50.2,119.3,37.8,18.6,4.5,82.0
2023-11-02,重庆,20.4,53.1,56.6,47.7,16.0,4.5,47.0
2023-11-03,北京,51.1,86.8,49.8,31.8,1.8,4.2,81.0
2023-11-03,上海,42.6,66.5,101.6,38.4,9.1,4.2,92.0
2023-11-03,广州,39.8,77.5,68.8,48.8,5.4,4.2,75.0
2023-11-03,深圳,30.1,56.1,,47.4,14.2,4.2,52.0
2023-11-03,杭州,31.7,57.0,98.1,7.4,6.6,4.2,77.0
2023-11-03,成都,65.4,110.4,72.0,27.5,16.6,4.2,107.0
2023-11-03,武汉,14.5,29.8,87.8,28.6,11.2,4.2,53.0
2023-11-03,西安,19.7,43.0,44.6,32.9,16.0,4.2,41.0
2023-11-03,南京,57.0,90.8,56.5,30.1,16.3,4.2,91.0
2023-11-03,重庆,44.2,78.3,63.4,23.9,8.2,4.2,78.0
2023-11-04,北京,27.8,45.5,83.0,32.1,16.6,3.9,67.0
2023-11-04,上海,47.0,85.0,122.9,41.5,5.3,3.9,106.0
2023-11-04,广州,39.2,72.5,64.5,36.1,6.3,3.9,73.0
2023-11-04,深圳,47.9,84.0,53.2,18.0,16.2,3.9,79.0
2023-11-04,杭州,44.3,79.1,98.8,39.0,15.0,3.9,93.0
2023-11-04,成都,43.9,83.3,70.7,52.4,26.2,3.9,81.0
2023-11-04,武汉,30.7,56.8,105.3,12.0,13.5,3.9,79.0
2023-11-04,西安,,65.8,64.7,37.7,14.2,3.9,69.0
2023-11-04,南京,40.4,80.9,87.6,41.1,8.8,3.9,84.0
2023-11-04,重庆,40.8,71.3,85.7,40.6,15.6,3.9,83.0
2023-11-05,北京,25.2,48.4,78.6,29.5,1.1,3.6,62.0
2023-11-05,上海,64.1,108.5,83.5,8.9,14.4,3.6,110.0
2023-11-05,广州,27.3,44.2,86.7,47.2,11.4,3.6,67.0
2023-11-05,深圳,18.2,39.2,71.4,42.3,16.3,3.6,50.0
2023-11-05,杭州,39.6,58.7,80.8,62.7,9.6,3.6,80.0
2023-11-05,成都,29.8,54.1,75.3,31.2,14.4,3.6,66.0
2023-11-05,武汉,58.6,106.3,114.4,38.7,11.2,3.6,116.0
2023-11-05,西安,42.0,67.5,107.1,17.4,9.3,3.6,93.0
2023-11-05,南京,,89.4,60.8,36.0,19.5,3.6,86.0
2023-11-05,重庆,38.8,70.4,120.3,36.5,12.9,3.6,95.0
2023-11-06,北京,40.5,64.9,33.7,27.5,13.2,3.3,62.0
2023-11-06,上海,28.7,50.9,96.9,53.5,2.2,3.3,73.0
2023-11-06,广州,51.1,89.0,56.5,32.6,13.1,3.3,84.0
2023-11-06,深圳,50.9,81.7,91.6,25.1,10.7,3.3,98.0
2023-11-06,杭州,47.5,90.7,91.1,43.0,13.0,3.3,93.0
2023-11-06,成都,16.5,42.1,90.7,24.9,9.5,3.3,56.0
2023-11-06,武汉,53.6,86.3,81.5,35.8,6.0,3.3,97.0
2023-11-06,西安,,81.3,67.6,42.5,19.0,3.3,82.0
2023-11-06,南京,,68.5,75.1,47.6,5.4,3.3,77.0
2023-11-06,重庆,9.0,22.2,66.2,37.0,9.7,3.3,37.0
2023-11-07,北京,55.6,92.0,76.5,42.4,11.0,3.0,97.0
2023-11-07,上海,40.3,75.1,74.4,30.8,5.3,3.0,78.0
2023-11-07,广州,10.7,41.3,80.3,20.0,9.3,3.0,45.0
2023-11-07,深圳,30.3,56.5,84.8,11.1,12.0,3.0,70.0
2023-11-07,杭州,31.3,65.3,67.0,11.5,14.5,3.0,64.0
2023-11-07,成都,46.9,82.8,21.7,40.4,11.6,3.0,65.0
2023-11-07,武汉,13.2,26.2,60.1,52.0,11.6,3.0,40.0
2023-11-07,西安,47.3,79.7,85.9,30.4,11.3,3.0,91.0
2023-11-07,南京,29.5,54.4,86.5,21.3,12.0,3.0,70.0
2023-11-07,重庆,12.6,24.6,88.3,48.4,23.9,3.0,50.0
2023-11-08,北京,42.7,66.6,57.1,22.1,8.2,2.8,74.0
2023-11-08,上海,75.7,126.3,65.6,30.3,13.5,2.8,117.0
2023-11-08,广州,57.0,95.0,56.8,23.0,15.3,2.8,91.0
2023-11-08,深圳,11.5,36.2,77.1,26.8,13.6,2.8,45.0
2023-11-08,杭州,69.5,120.3,71.6,27.1,15.9,2.8,112.0
2023-11-08,成都,56.0,79.2,88.4,29.5,14.5,2.8,103.0
2023-11-08,武汉,30.8,61.4,49.5,37.7,14.1,2.8,57.0
2023-11-08,西安,81.2,135.2,66.3,27.0,15.0,2.8,124.0
2023-11-08,南京,14.7,26.8,74.6,38.8,14.2,2.8,47.0
2023-11-08,重庆,,136.2,83.8,41.8,15.6,2.8,128.0
2023-11-09,北京,13.0,28.7,102.1,19.1,15.4,2.5,56.0
2023-11-09,上海,35.2,56.9,84.2,32.3,18.4,2.5,76.0
2023-11-09,广州,25.7,48.3,74.5,27.4,26.1,2.5,61.0
2023-11-09,深圳,18.8,43.4,90.0,30.2,18.2,2.5,59.0
2023-11-09,杭州,65.5,105.1,66.4,32.6,1.1,2.5,105.0
2023-11-09,成都,19.1,32.8,107.7,22.5,2.7,2.5,66.0
2023-11-09,武汉,36.9,68.6,95.4,29.1,7.4,2.5,82.0
2023-11-09,西安,56.1,104.6,69.2,19.3,13.3,2.5,95.0
2023-11-09,南京,59.2,96.4,85.3,57.4,4.9,2.5,105.0
2023-11-09,重庆,34.3,60.2,80.4,16.5,6.9,2.5,73.0
2023-11-10,北京,50.3,76.5,59.3,22.9,8.0,2.2,84.0
2023-11-10,上海,44.4,79.4,87.1,57.9,19.4,2.2,88.0
2023-11-10,广州,39.5,69.7,90.7,25.8,23.3,2.2,84.0
2023-11-10,深圳,55.4,97.6,76.1,41.3,13.7,2.2,97.0
2023-11-10,杭州,43.0,74.6,3.3,27.2,10.8,2.2,53.0
2023-11-10,成都,41.5,69.7,104.2,18.2,6.7,2.2,91.0
2023-11-10,武汉,66.8,109.2,52.4,45.0,3.6,2.2,101.0
2023-11-10,西安,33.3,51.1,80.3,35.1,11.9,2.2,72.0
2023-11-10,南京,60.9,101.2,108.7,34.1,11.2,2.2,117.0
2023-11-10,重庆,71.1,121.7,,27.6,14.8,2.2,128.0
2023-11-11,北京,31.9,50.4,57.1,20.1,10.7,2.0,61.0
2023-11-11,上海,33.3,50.1,79.6,46.0,13.9,2.0,72.0
2023-11-11,广州,40.8,78.2,92.1,34.9,9.9,2.0,86.0
2023-11-11,深圳,54.2,95.8,76.4,36.7,10.9,2.0,96.0
2023-11-11,杭州,,65.2,72.9,38.3,23.3,2.0,78.0
2023-11-11,成都,16.6,31.7,56.3,32.8,13.3,2.0,42.0
2023-11-11,武汉,57.2,83.1,81.5,38.4,7.8,2.0,101.0
2023-11-11,西安,39.8,72.4,103.9,35.7,7.9,2.0,89.0
2023-11-11,南京,49.2,80.0,76.8,29.2,15.8,2.0,90.0
2023-11-11,重庆,43.8,75.8,52.5,31.8,11.5,2.0,74.0
2023-11-12,北京,59.2,104.7,111.8,38.2,9.8,1.7,116.0
2023-11-12,上海,,32.8,86.6,55.7,8.7,1.7,51.0
2023-11-12,广州,67.1,114.8,61.5,53.9,10.6,1.7,105.0
2023-11-12,深圳,43.7,75.0,109.3,34.4,4.4,1.7,96.0
2023-11-12,杭州,24.4,46.1,65.2,26.8,12.9,1.7,55.0
2023-11-12,成都,57.4,95.1,68.1,42.4,15.3,1.7,96.0
2023-11-12,武汉,50.5,87.6,59.8,46.7,10.9,1.7,85.0
2023-11-12,西安,,49.3,72.4,48.0,3.0,1.7,63.0
2023-11-12,南京,41.7,68.9,63.1,60.4,18.2,1.7,75.0
2023-11-12,重庆,41.8,62.2,18.3,35.8,11.9,1.7,57.0
2023-11-13,北京,33.8,55.4,57.7,46.6,9.6,1.4,64.0
2023-11-13,上海,60.5,97.1,34.3,34.2,16.2,1.4,86.0
2023-11-13,广州,25.8,50.5,25.3,35.2,12.4,1.4,41.0
2023-11-13,深圳,76.1,123.9,46.8,38.7,13.4,1.4,110.0
2023-11-13,杭州,41.0,74.4,25.9,40.0,9.8,1.4,60.0
2023-11-13,成都,70.6,111.3,70.6,46.3,9.6,1.4,113.0
2023-11-13,武汉,43.8,77.5,85.0,29.3,24.0,1.4,87.0
2023-11-13,西安,77.2,130.9,61.1,32.8,14.3,1.4,117.0
2023-11-13,南京,60.2,99.3,53.0,37.4,10.3,1.4,93.0
2023-11-13,重庆,39.2,63.4,42.1,50.6,14.5,1.4,64.0
2023-11-14,北京,52.0,90.4,56.8,42.5,18.1,1.2,85.0
2023-11-14,上海,72.5,117.3,49.6,51.2,13.6,1.2,107.0
2023-11-14,广州,57.8,94.6,72.5,30.3,13.6,1.2,98.0
2023-11-14,深圳,68.3,118.3,42.8,37.4,4.9,1.2,99.0
2023-11-14,杭州,17.2,28.4,44.7,32.5,13.6,1.2,39.0
2023-11-14,成都,44.9,69.5,99.4,36.2,7.9,1.2,94.0
2023-11-14,武汉,14.4,29.9,99.0,26.4,7.3,1.2,57.0
2023-11-14,西安,50.4,73.5,81.1,16.1,12.7,1.2,93.0
2023-11-14,南京,36.3,72.7,61.2,42.6,9.2,1.2,68.0
2023-11-14,重庆,44.1,70.1,,46.4,15.0,1.2,73.0
2023-11-15,北京,42.2,74.0,92.2,31.1,5.2,0.9,88.0
2023-11-15,上海,43.0,75.3,87.2,30.3,4.7,0.9,86.0
2023-11-15,广州,56.7,92.1,96.6,24.2,13.4,0.9,107.0
2023-11-15,深圳,46.5,72.9,36.7,34.1,13.4,0.9,70.0
2023-11-15,杭州,42.5,68.1,63.1,32.4,10.9,0.9,76.0
2023-11-15,成都,15.1,25.5,79.4,70.3,16.6,0.9,50.0
2023-11-15,武汉,20.4,45.3,62.6,31.1,12.5,0.9,50.0
2023-11-15,西安,50.8,84.4,63.2,33.9,14.4,0.9,86.0
2023-11-15,南京,41.8,69.1,74.9,23.3,10.1,0.9,80.0
2023-11-15,重庆,31.7,64.3,97.2,31.0,18.4,0.9,77.0
2023-11-16,北京,39.1,71.6,58.9,16.4,15.8,0.7,70.0
2023-11-16,上海,57.7,104.3,58.6,31.0,18.3,0.7,93.0
2023-11-16,广州,38.3,69.9,67.2,43.4,14.5,0.7,73.0
2023-11-16,深圳,67.3,115.1,100.3,28.8,12.6,0.7,121.0
2023-11-16,杭州,35.9,63.9,79.2,33.6,7.8,0.7,75.0
2023-11-16,成都,28.2,54.4,57.9,60.6,13.3,0.7,57.0
2023-11-16,武汉,,49.4,71.7,64.6,12.7,0.7,60.0
2023-11-16,西安,45.1,77.7,72.8,20.7,12.5,0.7,83.0
2023-11-16,南京,41.3,72.5,71.9,53.7,4.0,0.7,78.0
2023-11-16,重庆,31.4,52.5,78.1,27.0,9.7,0.7,69.0
2023-11-17,北京,25.1,45.4,75.5,38.2,24.9,0.5,60.0
2023-11-17,上海,45.0,81.9,83.6,40.5,9.3,0.5,87.0
2023-11-17,广州,37.2,64.4,75.0,54.6,24.2,0.5,75.0
2023-11-17,深圳,58.0,95.0,65.3,39.1,6.0,0.5,96.0
2023-11-17,杭州,56.0,102.1,80.4,42.1,3.4,0.5,99.0
2023-11-17,成都,46.5,85.1,80.0,34.5,9.0,0.5,88.0
2023-11-17,武汉,31.0,67.1,67.1,30.2,16.6,0.5,64.0
2023-11-17,西安,29.4,41.7,79.2,29.6,7.0,0.5,67.0
2023-11-17,南京,39.3,72.6,108.2,33.6,13.4,0.5,90.0
2023-11-17,重庆,43.9,72.9,82.8,37.5,10.5,0.5,86.0
2023-11-18,北京,45.5,80.4,49.4,30.9,14.4,0.2,74.0
2023-11-18,上海,38.4,72.1,51.7,28.9,14.5,0.2,67.0
2023-11-18,广州,47.0,74.2,,45.0,0.8,0.2,76.0
2023-11-18,深圳,47.0,88.6,77.0,34.8,11.7,0.2,87.0
2023-11-18,杭州,43.4,67.7,78.3,43.3,13.9,0.2,83.0
2023-11-18,成都,58.8,96.1,123.2,13.5,8.6,0.2,120.0
2023-11-18,武汉,26.7,58.5,80.6,34.3,10.5,0.2,64.0
2023-11-18,西安,40.6,77.8,75.7,36.0,13.2,0.2,79.0
2023-11-18,南京,62.0,100.9,68.3,42.2,0.7,0.2,102.0
2023-11-18,重庆,14.7,33.5,96.2,31.0,14.3,0.2,56.0
2023-11-19,北京,36.1,54.5,83.5,26.1,6.1,0.0,77.0
2023-11-19,上海,46.4,76.1,25.6,31.6,2.5,0.0,66.0
2023-11-19,广州,39.5,70.3,36.8,46.6,13.0,0.0,62.0
2023-11-19,深圳,30.1,52.7,75.0,39.0,19.6,0.0,66.0
2023-11-19,杭州,43.2,74.2,101.2,36.4,18.9,0.0,92.0
2023-11-19,成都,57.2,97.2,90.5,29.5,8.3,0.0,105.0
2023-11-19,武汉,37.0,67.3,62.8,49.9,13.3,0.0,70.0
2023-11-19,西安,20.9,41.6,83.1,37.1,18.9,0.0,58.0
2023-11-19,南京,57.5,92.2,,26.6,11.9,0.0,103.0
2023-11-19,重庆,42.0,63.7,142.0,34.3,17.0,0.0,107.0
2023-11-20,北京,53.6,89.9,46.3,40.0,12.9,-0.2,83.0
2023-11-20,上海,83.1,133.9,106.0,47.1,19.8,-0.2,142.0
2023-11-20,广州,16.6,41.4,43.7,46.0,9.6,-0.2,37.0
2023-11-20,深圳,40.3,73.7,25.7,38.7,12.7,-0.2,59.0
2023-11-20,杭州,12.7,37.1,78.6,17.9,10.7,-0.2,47.0
2023-11-20,成都,22.3,39.5,88.1,16.2,14.6,-0.2,62.0
2023-11-20,武汉,19.4,43.7,122.0,45.8,23.0,-0.2,72.0
2023-11-20,西安,23.2,42.9,75.7,27.8,11.7,-0.2,58.0
2023-11-20,南京,54.7,88.0,29.6,31.9,13.7,-0.2,77.0
2023-11-20,重庆,58.3,102.5,92.6,20.0,13.3,-0.2,107.0
2023-11-21,北京,62.4,93.6,69.4,39.2,4.5,-0.4,103.0
2023-11-21,上海,30.4,53.6,59.1,28.9,21.5,-0.4,60.0
2023-11-21,广州,34.1,71.6,75.3,53.3,13.3,-0.4,71.0
2023-11-21,深圳,52.9,91.7,73.1,19.6,10.0,-0.4,93.0
2023-11-21,杭州,,84.8,58.8,28.2,12.0,-0.4,88.0
2023-11-21,成都,11.0,29.2,110.5,18.5,-1.4,-0.4,57.0
2023-11-21,武汉,30.7,59.1,73.1,32.2,8.9,-0.4,66.0
2023-11-21,西安,37.7,67.8,66.0,35.1,18.0,-0.4,72.0
2023-11-21,南京,47.3,85.3,68.4,25.4,13.3,-0.4,84.0
2023-11-21,重庆,70.2,120.6,101.1,31.3,4.7,-0.4,125.0
2023-11-22,北京,43.5,77.4,64.6,37.6,18.1,-0.7,78.0
2023-11-22,上海,29.2,52.1,118.8,44.3,11.4,-0.7,83.0
2023-11-22,广州,42.3,69.8,70.5,26.7,11.9,-0.7,79.0
2023-11-22,深圳,33.4,58.0,,41.3,15.2,-0.7,67.0
2023-11-22,杭州,22.4,36.6,78.6,23.2,9.0,-0.7,58.0
2023-11-22,成都,29.7,50.4,41.9,22.1,10.4,-0.7,52.0
2023-11-22,武汉,32.2,61.5,67.6,49.4,10.1,-0.7,66.0
2023-11-22,西安,33.3,56.9,29.7,37.6,14.9,-0.7,52.0
2023-11-22,南京,55.9,84.1,80.6,14.3,16.4,-0.7,99.0
2023-11-22,重庆,19.2,34.7,29.1,48.3,6.8,-0.7,35.0
2023-11-23,北京,38.0,62.7,65.4,24.8,18.0,-0.9,72.0
2023-11-23,上海,36.3,62.1,90.1,38.0,7.1,-0.9,80.0
2023-11-23,广州,50.1,91.4,75.1,25.3,11.7,-0.9,90.0
2023-11-23,深圳,15.6,26.1,80.6,34.9,6.8,-0.9,51.0
2023-11-23,杭州,46.9,89.6,91.1,50.7,10.4,-0.9,93.0
2023-11-23,成都,48.0,77.4,42.4,21.9,9.0,-0.9,75.0
2023-11-23,武汉,50.5,89.5,85.8,32.2,8.5,-0.9,95.0
2023-11-23,西安,45.5,83.8,80.3,33.2,9.5,-0.9,87.0
2023-11-23,南京,,47.8,83.1,41.5,16.3,-0.9,60.0
2023-11-23,重庆,41.2,71.7,67.4,41.8,13.3,-0.9,76.0
2023-11-24,北京,13.1,25.2,76.0,46.4,2.0,-1.1,46.0
2023-11-24,上海,48.5,84.0,70.8,17.3,23.9,-1.1,87.0
2023-11-24,广州,,96.5,86.1,30.2,11.7,-1.1,103.0
2023-11-24,深圳,20.5,33.3,87.4,40.4,10.1,-1.1,60.0
2023-11-24,杭州,45.0,81.7,90.5,43.7,2.9,-1.1,90.0
2023-11-24,成都,,89.9,60.4,24.8,7.6,-1.1,91.0
2023-11-24,武汉,43.8,73.5,68.0,35.2,11.9,-1.1,80.0
2023-11-24,西安,67.9,109.9,53.2,29.5,14.8,-1.1,103.0
2023-11-24,南京,22.1,41.9,16.0,33.6,10.8,-1.1,33.0
2023-11-24,重庆,45.8,76.1,96.5,39.4,11.0,-1.1,94.0
2023-11-25,北京,52.0,86.2,71.9,22.9,7.9,-1.3,91.0
2023-11-25,上海,60.7,98.6,48.0,24.5,7.8,-1.3,92.0
2023-11-25,广州,21.7,41.4,37.4,44.0,7.0,-1.3,41.0
2023-11-25,深圳,26.9,56.9,40.1,29.5,1.7,-1.3,48.0
2023-11-25,杭州,33.4,55.1,56.0,27.2,17.1,-1.3,62.0
2023-11-25,成都,20.0,41.5,77.5,40.4,4.7,-1.3,55.0
2023-11-25,武汉,42.5,74.5,112.1,20.7,22.2,-1.3,96.0
2023-11-25,西安,40.9,62.5,45.5,39.2,14.4,-1.3,67.0
2023-11-25,南京,35.8,64.4,68.3,45.4,8.8,-1.3,70.0
2023-11-25,重庆,34.1,54.6,58.7,47.7,11.8,-1.3,64.0
2023-11-26,北京,51.4,81.4,57.7,47.9,5.3,-1.5,85.0
2023-11-26,上海,48.8,83.8,51.3,32.9,6.7,-1.5,79.0
2023-11-26,广州,52.8,88.4,55.2,36.2,17.7,-1.5,85.0
2023-11-26,深圳,79.6,117.9,58.0,55.9,7.7,-1.5,119.0
2023-11-26,杭州,73.8,120.6,51.0,36.6,10.6,-1.5,109.0
2023-11-26,成都,,44.8,61.5,46.4,11.7,-1.5,54.0
2023-11-26,武汉,20.7,35.6,43.7,40.7,9.1,-1.5,42.0
2023-11-26,西安,28.6,49.6,62.8,46.6,14.4,-1.5,59.0
2023-11-26,南京,55.4,84.1,79.4,29.2,3.9,-1.5,98.0
2023-11-26,重庆,46.6,83.8,76.0,28.3,10.7,-1.5,86.0
2023-11-27,北京,18.6,34.8,34.2,59.1,12.6,-1.7,36.0
2023-11-27,上海,27.6,50.0,107.0,52.6,8.3,-1.7,76.0
2023-11-27,广州,50.9,86.2,,26.2,18.6,-1.7,90.0
2023-11-27,深圳,40.4,73.9,116.7,46.9,18.6,-1.7,95.0
2023-11-27,杭州,61.5,104.0,120.5,31.5,11.9,-1.7,122.0
2023-11-27,成都,38.2,59.1,77.1,15.7,11.0,-1.7,77.0
2023-11-27,武汉,46.0,67.2,56.0,27.5,10.3,-1.7,78.0
2023-11-27,西安,72.8,120.0,33.4,57.8,13.6,-1.7,101.0
2023-11-27,南京,62.6,107.3,57.3,40.1,20.4,-1.7,98.0
2023-11-27,重庆,56.1,94.7,51.8,41.3,12.1,-1.7,88.0
2023-11-28,北京,53.9,94.0,54.6,25.5,2.5,-1.9,87.0
2023-11-28,上海,61.8,112.5,56.4,28.5,13.8,-1.9,97.0
2023-11-28,广州,,84.2,101.0,53.7,9.7,-1.9,91.0
2023-11-28,深圳,78.1,123.2,,33.3,8.0,-1.9,121.0
2023-11-28,杭州,40.1,61.8,73.5,33.2,16.7,-1.9,78.0
2023-11-28,成都,30.3,55.8,28.1,65.9,13.4,-1.9,48.0
2023-11-28,武汉,44.6,78.9,71.5,14.8,5.4,-1.9,82.0
2023-11-28,西安,33.2,59.0,107.4,65.1,12.4,-1.9,83.0
2023-11-28,南京,36.7,70.1,67.4,41.7,14.0,-1.9,71.0
2023-11-28,重庆,54.6,90.3,80.3,36.9,12.4,-1.9,98.0
2023-11-29,北京,57.8,98.6,39.6,52.0,18.9,-2.0,85.0
2023-11-29,上海,15.9,27.8,59.0,37.7,6.4,-2.0,43.0
2023-11-29,广州,,41.5,72.0,33.2,7.2,-2.0,63.0
2023-11-29,深圳,20.0,47.2,66.3,21.9,6.7,-2.0,51.0
2023-11-29,杭州,53.3,91.2,73.6,18.5,14.6,-2.0,93.0
2023-11-29,成都,74.7,126.5,122.4,34.6,9.2,-2.0,139.0
2023-11-29,武汉,28.1,56.7,47.2,53.4,23.8,-2.0,53.0
2023-11-29,西安,63.9,96.5,84.1,36.6,15.1,-2.0,110.0
2023-11-29,南京,44.6,81.8,62.0,27.2,5.5,-2.0,78.0
2023-11-29,重庆,43.7,79.1,102.5,45.4,9.2,-2.0,93.0
2023-11-30,北京,31.9,55.3,38.8,37.6,17.4,-2.2,54.0
2023-11-30,上海,62.3,103.1,60.0,35.9,17.8,-2.2,99.0
2023-11-30,广州,72.7,116.2,55.9,34.9,11.3,-2.2,110.0
2023-11-30,深圳,33.2,61.1,46.2,19.3,19.0,-2.2,58.0
2023-11-30,杭州,48.3,87.6,69.9,41.2,14.1,-2.2,86.0
2023-11-30,成都,45.0,70.5,59.2,28.0,7.0,-2.2,78.0
2023-11-30,武汉,46.6,84.9,74.7,22.3,15.3,-2.2,86.0
2023-11-30,西安,55.6,97.4,62.7,35.9,11.9,-2.2,92.0
2023-11-30,南京,60.4,106.2,40.3,46.4,10.0,-2.2,89.0
2023-11-30,重庆,40.4,77.5,37.4,55.8,8.7,-2.2,63.0
2023-12-01,北京,27.7,46.1,51.1,31.0,8.3,-2.4,54.0
2023-12-01,上海,63.7,113.0,52.4,44.5,9.5,-2.4,97.0
2023-12-01,广州,68.3,112.2,89.0,34.9,12.3,-2.4,118.0
2023-12-01,深圳,62.8,102.2,,48.1,18.2,-2.4,119.0
2023-12-01,杭州,54.1,93.6,49.4,32.4,11.2,-2.4,85.0
2023-12-01,成都,38.4,72.0,54.0,28.7,21.4,-2.4,68.0
2023-12-01,武汉,53.5,85.4,90.9,28.6,8.9,-2.4,101.0
2023-12-01,西安,40.9,63.9,8.1,27.9,19.6,-2.4,52.0
2023-12-01,南京,77.0,124.0,95.4,35.4,11.5,-2.4,131.0
2023-12-01,重庆,44.2,76.3,86.2,32.5,15.4,-2.4,88.0
2023-12-02,北京,47.5,84.4,91.9,36.8,3.5,-2.6,94.0
2023-12-02,上海,0.7,14.1,55.3,29.3,13.1,-2.6,23.0
2023-12-02,广州,45.8,82.5,49.1,38.7,10.5,-2.6,75.0
2023-12-02,深圳,20.1,36.3,73.5,15.3,13.5,-2.6,54.0
2023-12-02,杭州,38.4,69.0,88.8,31.4,8.9,-2.6,82.0
2023-12-02,成都,12.9,26.3,89.6,24.1,8.7,-2.6,51.0
2023-12-02,武汉,53.7,92.1,65.5,43.8,16.1,-2.6,91.0
2023-12-02,西安,61.7,104.9,80.7,24.6,6.8,-2.6,106.0
2023-12-02,南京,7.8,21.0,62.7,30.0,5.7,-2.6,34.0
2023-12-02,重庆,29.8,55.1,45.8,25.5,9.0,-2.6,54.0
2023-12-03,北京,40.9,70.8,60.1,43.7,11.5,-2.7,73.0
2023-12-03,上海,61.4,95.3,79.8,43.8,7.6,-2.7,106.0
2023-12-03,广州,40.8,64.5,25.7,57.5,2.6,-2.7,59.0
2023-12-03,深圳,24.3,53.2,63.6,25.3,12.0,-2.7,55.0
2023-12-03,杭州,53.0,88.4,46.8,44.1,12.7,-2.7,82.0
2023-12-03,成都,53.1,93.3,87.5,66.1,2.0,-2.7,99.0
2023-12-03,武汉,47.1,84.1,66.7,40.7,9.7,-2.7,83.0
2023-12-03,西安,28.3,39.8,111.2,33.2,16.4,-2.7,78.0
2023-12-03,南京,,142.8,62.3,41.5,17.6,-2.7,122.0
2023-12-03,重庆,58.1,100.8,,29.8,10.8,-2.7,98.0
2023-12-04,北京,47.9,83.0,80.1,21.3,18.3,-2.9,90.0
2023-12-04,上海,59.4,100.8,80.3,13.9,18.7,-2.9,103.0
2023-12-04,广州,23.2,42.7,70.9,56.5,7.4,-2.9,56.0
2023-12-04,深圳,31.5,63.1,35.6,43.0,6.0,-2.9,52.0
2023-12-04,杭州,69.7,119.1,84.9,41.8,0.2,-2.9,118.0
2023-12-04,成都,83.6,135.9,80.2,38.8,9.3,-2.9,132.0
2023-12-04,武汉,46.1,74.3,68.6,35.9,12.9,-2.9,83.0
2023-12-04,西安,12.5,30.0,61.1,42.7,10.1,-2.9,39.0
2023-12-04,南京,18.5,44.6,50.3,10.7,12.8,-2.9,42.0
2023-12-04,重庆,69.8,120.7,61.1,43.7,17.2,-2.9,108.0
2023-12-05,北京,21.9,40.3,50.0,49.7,12.7,-3.0,46.0
2023-12-05,上海,56.2,102.0,,38.4,13.8,-3.0,102.0
2023-12-05,广州,30.0,60.4,51.9,41.8,15.9,-3.0,57.0
2023-12-05,深圳,40.7,58.3,82.0,51.0,17.1,-3.0,82.0
2023-12-05,杭州,62.2,107.1,66.5,33.5,-0.0,-3.0,101.0
2023-12-05,成都,26.9,36.3,54.7,12.2,17.7,-3.0,54.0
2023-12-05,武汉,58.8,91.5,74.9,-2.6,22.3,-3.0,101.0
2023-12-05,西安,65.8,110.4,68.1,26.3,20.9,-3.0,106.0
2023-12-05,南京,62.6,96.1,60.5,31.7,14.5,-3.0,99.0
2023-12-05,重庆,41.8,61.0,52.2,54.2,20.1,-3.0,71.0
2023-12-06,北京,70.1,122.9,98.1,2.3,6.6,-3.2,123.0
2023-12-06,上海,38.6,67.6,61.0,56.4,9.6,-3.2,71.0
2023-12-06,广州,47.4,83.8,89.5,31.1,17.0,-3.2,93.0
2023-12-06,深圳,43.5,67.7,70.2,12.4,-1.9,-3.2,80.0
2023-12-06,杭州,63.1,104.4,70.6,29.0,6.3,-3.2,104.0
2023-12-06,成都,56.9,90.4,80.4,33.4,19.9,-3.2,100.0
2023-12-06,武汉,49.8,86.6,90.0,51.8,2.1,-3.2,96.0
2023-12-06,西安,23.6,40.5,98.8,33.4,11.9,-3.2,68.0
2023-12-06,南京,18.7,35.8,46.0,16.2,10.1,-3.2,41.0
2023-12-06,重庆,57.1,96.8,62.0,31.9,15.7,-3.2,93.0
2023-12-07,北京,30.3,53.1,97.8,19.1,15.6,-3.3,75.0
2023-12-07,上海,38.8,64.8,91.6,51.6,4.2,-3.3,83.0
2023-12-07,广州,,42.8,78.1,28.7,2.1,-3.3,61.0
2023-12-07,深圳,7.4,17.4,55.5,48.8,18.3,-3.3,31.0
2023-12-07,杭州,57.0,95.9,66.8,37.0,17.1,-3.3,95.0
2023-12-07,成都,32.1,62.4,75.8,33.2,13.1,-3.3,69.0
2023-12-07,武汉,63.5,102.2,88.6,53.4,4.2,-3.3,112.0
2023-12-07,西安,28.7,52.1,113.2,14.0,14.4,-3.3,80.0
2023-12-07,南京,51.8,86.0,93.1,39.7,17.0,-3.3,99.0
2023-12-07,重庆,65.5,115.5,45.1,29.6,14.0,-3.3,97.0
2023-12-08,北京,,78.5,80.0,40.3,17.1,-3.5,96.0
2023-12-08,上海,34.5,69.4,66.5,31.4,13.3,-3.5,68.0
2023-12-08,广州,55.8,85.0,58.9,48.9,9.7,-3.5,91.0
2023-12-08,深圳,35.2,66.3,75.1,42.2,8.8,-3.5,72.0
2023-12-08,杭州,48.7,82.9,76.5,50.4,30.8,-3.5,89.0
2023-12-08,成都,49.3,83.9,39.7,31.0,14.4,-3.5,75.0
2023-12-08,武汉,53.7,88.7,56.8,9.8,15.7,-3.5,87.0
2023-12-08,西安,31.8,61.3,114.0,55.3,8.7,-3.5,84.0
2023-12-08,南京,45.9,76.0,92.2,36.0,11.8,-3.5,92.0
2023-12-08,重庆,45.6,76.5,46.9,16.8,26.6,-3.5,73.0
2023-12-09,北京,28.7,46.8,45.5,48.0,18.3,-3.6,53.0
2023-12-09,上海,16.7,34.5,105.0,36.0,20.7,-3.6,62.0
2023-12-09,广州,58.5,99.5,66.4,25.9,14.2,-3.6,97.0
2023-12-09,深圳,57.0,97.3,101.4,29.8,4.2,-3.6,109.0
2023-12-09,杭州,51.2,78.1,68.8,61.0,9.6,-3.6,89.0
2023-12-09,成都,45.6,74.5,90.1,40.9,11.5,-3.6,91.0
2023-12-09,武汉,99.7,156.9,77.3,36.5,18.2,-3.6,151.0
2023-12-09,西安,39.6,67.1,93.5,38.3,21.5,-3.6,85.0
2023-12-09,南京,23.2,44.2,65.4,30.3,17.5,-3.6,54.0
2023-12-09,重庆,42.8,70.6,74.5,47.3,12.8,-3.6,81.0
2023-12-10,北京,63.6,104.0,34.5,30.1,18.8,-3.7,90.0
2023-12-10,上海,71.6,116.8,45.2,34.4,8.8,-3.7,104.0
2023-12-10,广州,30.7,63.4,74.5,58.0,16.7,-3.7,67.0
2023-12-10,深圳,13.2,30.2,91.0,40.2,10.7,-3.7,52.0
2023-12-10,杭州,44.6,81.3,73.6,32.6,15.2,-3.7,83.0
2023-12-10,成都,94.5,143.4,111.9,36.7,15.3,-3.7,158.0
2023-12-10,武汉,66.7,118.1,79.8,47.9,18.5,-3.7,112.0
2023-12-10,西安,45.2,76.0,36.0,49.5,15.7,-3.7,69.0
2023-12-10,南京,72.3,121.1,83.9,30.6,11.0,-3.7,120.0
2023-12-10,重庆,42.4,73.5,56.5,36.6,13.3,-3.7,73.0
2023-12-11,北京,61.9,111.9,54.3,32.5,15.3,-3.8,96.0
2023-12-11,上海,66.9,112.0,91.7,43.3,10.5,-3.8,117.0
2023-12-11,广州,43.8,77.0,112.8,43.4,4.8,-3.8,98.0
2023-12-11,深圳,49.8,79.2,89.1,54.3,11.1,-3.8,95.0
2023-12-11,杭州,,90.5,65.1,34.0,16.4,-3.8,88.0
2023-12-11,成都,49.9,82.2,65.7,40.7,10.1,-3.8,86.0
2023-12-11,武汉,,95.8,84.1,32.5,14.0,-3.8,101.0
2023-12-11,西安,47.6,85.5,74.2,34.5,16.4,-3.8,87.0
2023-12-11,南京,10.6,25.0,67.2,34.9,15.1,-3.8,40.0
2023-12-11,重庆,43.5,77.3,67.2,22.3,16.1,-3.8,79.0
2023-12-12,北京,41.9,65.6,89.3,56.6,17.3,-3.9,86.0
2023-12-12,上海,,66.1,96.6,27.2,16.6,-3.9,83.0
2023-12-12,广州,17.6,42.1,54.5,38.3,6.2,-3.9,43.0
2023-12-12,深圳,80.4,126.2,76.1,32.5,20.1,-3.9,127.0
2023-12-12,杭州,60.7,103.4,,16.8,12.7,-3.9,119.0
2023-12-12,成都,48.1,85.8,80.8,32.8,14.9,-3.9,90.0
2023-12-12,武汉,78.6,134.2,97.5,34.7,8.8,-3.9,133.0
2023-12-12,西安,43.7,79.7,56.1,19.4,15.1,-3.9,75.0
2023-12-12,南京,55.0,93.4,69.6,33.4,13.7,-3.9,94.0
2023-12-12,重庆,54.6,84.7,60.1,32.7,11.6,-3.9,90.0
2023-12-13,北京,22.6,47.6,39.3,44.2,9.7,-4.0,43.0
2023-12-13,上海,43.0,75.9,78.8,24.2,10.6,-4.0,83.0
2023-12-13,广州,27.1,53.9,106.8,19.5,8.4,-4.0,75.0
2023-12-13,深圳,34.1,63.2,75.2,64.5,18.2,-4.0,71.0
2023-12-13,杭州,47.9,77.1,102.6,32.0,15.9,-4.0,99.0
2023-12-13,成都,75.3,135.6,81.5,36.6,11.4,-4.0,123.0
2023-12-13,武汉,21.5,44.9,76.8,46.0,14.2,-4.0,57.0
2023-12-13,西安,61.5,107.2,41.8,60.5,6.7,-4.0,91.0
2023-12-13,南京,68.4,107.1,81.7,20.1,12.9,-4.0,115.0
2023-12-13,重庆,-4.6,0.2,77.2,9.4,25.6,-4.0,25.0
2023-12-14,北京,29.4,56.4,93.9,37.9,3.8,-4.1,73.0
2023-12-14,上海,72.7,120.0,,18.3,7.3,-4.1,110.0
2023-12-14,广州,65.1,109.8,53.3,16.6,13.1,-4.1,99.0
2023-12-14,深圳,65.2,119.5,49.8,43.1,12.4,-4.1,98.0
2023-12-14,杭州,54.2,87.0,70.4,35.1,1.3,-4.1,93.0
2023-12-14,成都,49.8,77.8,51.3,26.8,15.5,-4.1,80.0
2023-12-14,武汉,78.4,131.5,90.5,21.3,11.1,-4.1,130.0
2023-12-14,西安,13.0,33.4,66.9,25.1,15.1,-4.1,42.0
2023-12-14,南京,58.1,101.0,66.4,53.5,12.4,-4.1,96.0
2023-12-14,重庆,51.8,93.6,55.3,43.2,23.3,-4.1,84.0
2023-12-15,北京,80.4,137.3,79.4,36.6,25.5,-4.2,128.0
2023-12-15,上海,64.3,115.1,137.6,37.0,12.0,-4.2,132.0
2023-12-15,广州,28.1,57.3,56.6,47.2,14.0,-4.2,56.0
2023-12-15,深圳,44.4,81.6,60.4,29.4,13.7,-4.2,77.0
2023-12-15,杭州,69.6,123.0,108.2,37.6,2.7,-4.2,127.0
2023-12-15,成都,73.8,121.3,65.2,33.6,13.1,-4.2,115.0
2023-12-15,武汉,77.1,132.3,75.5,49.6,12.1,-4.2,123.0
2023-12-15,西安,16.7,26.8,90.7,39.4,9.9,-4.2,56.0
2023-12-15,南京,45.8,77.8,37.0,31.0,0.4,-4.2,70.0
2023-12-15,重庆,44.2,74.6,51.0,44.9,11.6,-4.2,73.0
2023-12-16,北京,78.4,130.5,85.9,37.3,11.4,-4.3,128.0
2023-12-16,上海,41.0,74.3,38.3,40.3,14.8,-4.3,65.0
2023-12-16,广州,45.8,78.3,68.7,34.2,8.3,-4.3,82.0
2023-12-16,深圳,35.6,59.9,82.0,56.3,16.9,-4.3,76.0
2023-12-16,杭州,70.3,112.0,66.3,34.3,10.6,-4.3,111.0
2023-12-16,成都,33.5,60.3,95.2,41.1,9.4,-4.3,78.0
2023-12-16,武汉,59.5,106.4,39.5,35.6,8.6,-4.3,87.0
2023-12-16,西安,87.9,142.5,47.6,38.7,3.6,-4.3,125.0
2023-12-16,南京,70.7,111.5,61.1,27.7,16.7,-4.3,109.0
2023-12-16,重庆,26.1,43.4,64.6,49.4,9.7,-4.3,57.0
2023-12-17,北京,33.6,65.2,58.1,24.5,8.0,-4.4,64.0
2023-12-17,上海,37.4,65.3,58.4,36.5,4.8,-4.4,68.0
2023-12-17,广州,65.7,103.8,101.2,28.5,17.5,-4.4,119.0
2023-12-17,深圳,59.3,91.2,97.9,54.3,7.0,-4.4,110.0
2023-12-17,杭州,39.3,69.8,100.6,58.3,10.1,-4.4,87.0
2023-12-17,成都,54.9,93.8,79.8,51.8,-2.8,-4.4,98.0
2023-12-17,武汉,84.7,142.7,79.7,33.7,6.6,-4.4,134.0
2023-12-17,西安,55.6,94.6,89.4,22.9,15.7,-4.4,102.0
2023-12-17,南京,43.4,65.3,31.6,21.5,14.5,-4.4,65.0
2023-12-17,重庆,70.1,110.0,49.0,26.3,10.0,-4.4,104.0
2023-12-18,北京,22.0,50.0,57.2,52.4,4.7,-4.5,49.0
2023-12-18,上海,62.5,103.8,96.2,52.0,5.5,-4.5,113.0
2023-12-18,广州,34.7,64.2,80.4,19.5,9.4,-4.5,74.0
2023-12-18,深圳,68.8,119.0,69.0,15.4,12.6,-4.5,110.0
2023-12-18,杭州,48.2,84.7,91.8,42.9,4.8,-4.5,95.0
2023-12-18,成都,51.1,81.1,65.8,39.7,5.7,-4.5,88.0
2023-12-18,武汉,65.7,107.9,51.9,64.9,10.4,-4.5,100.0
2023-12-18,西安,34.0,59.8,39.4,28.2,13.9,-4.5,57.0
2023-12-18,南京,76.7,134.3,,42.8,7.7,-4.5,127.0
2023-12-18,重庆,79.5,129.1,91.0,32.0,15.8,-4.5,132.0
2023-12-19,北京,63.6,98.6,76.5,35.8,17.6,-4.6,107.0
2023-12-19,上海,57.3,93.5,60.4,55.4,13.1,-4.6,93.0
2023-12-19,广州,69.1,113.6,61.3,20.5,14.4,-4.6,107.0
2023-12-19,深圳,37.0,63.5,78.5,32.2,15.2,-4.6,76.0
2023-12-19,杭州,51.0,82.3,130.6,37.2,13.7,-4.6,113.0
2023-12-19,成都,58.9,100.7,49.3,29.1,12.6,-4.6,90.0
2023-12-19,武汉,70.9,112.3,51.7,23.3,21.9,-4.6,106.0
2023-12-19,西安,46.2,88.5,50.7,31.8,10.4,-4.6,76.0
2023-12-19,南京,37.4,63.4,68.0,47.5,5.4,-4.6,72.0
2023-12-19,重庆,63.0,107.6,49.8,28.0,11.7,-4.6,96.0
2023-12-20,北京,42.6,75.9,24.5,42.7,13.8,-4.6,61.0
2023-12-20,上海,19.5,38.8,60.5,43.3,2.5,-4.6,48.0
2023-12-20,广州,45.8,76.7,87.2,33.4,10.7,-4.6,90.0
2023-12-20,深圳,24.7,46.7,50.3,21.2,6.2,-4.6,50.0
2023-12-20,杭州,,67.0,104.4,50.9,19.2,-4.6,81.0
2023-12-20,成都,30.7,53.6,61.4,50.6,9.8,-4.6,61.0
2023-12-20,武汉,55.2,90.4,86.6,27.9,12.6,-4.6,101.0
2023-12-20,西安,12.5,25.2,79.4,18.8,10.4,-4.6,47.0
2023-12-20,南京,45.0,72.8,56.4,34.0,12.7,-4.6,77.0
2023-12-20,重庆,44.8,72.1,62.9,34.0,16.1,-4.6,79.0
2023-12-21,北京,62.5,101.7,69.9,47.9,8.9,-4.7,103.0
2023-12-21,上海,54.5,93.0,58.6,21.7,5.4,-4.7,89.0
2023-12-21,广州,,144.1,54.9,31.7,15.4,-4.7,126.0
2023-12-21,深圳,59.7,93.2,106.7,34.6,9.8,-4.7,114.0
2023-12-21,杭州,,110.3,63.7,47.3,4.0,-4.7,106.0
2023-12-21,成都,83.4,130.5,69.9,33.4,13.5,-4.7,128.0
2023-12-21,武汉,25.2,39.3,103.0,31.2,14.4,-4.7,71.0
2023-12-21,西安,19.5,31.1,,37.4,9.5,-4.7,51.0
2023-12-21,南京,41.8,70.1,45.4,25.5,16.2,-4.7,68.0
2023-12-21,重庆,15.9,36.0,61.8,40.1,14.1,-4.7,44.0
2023-12-22,北京,47.3,86.4,80.5,34.2,14.3,-4.8,89.0
2023-12-22,上海,61.7,97.1,79.4,40.3,9.4,-4.8,106.0
2023-12-22,广州,79.6,125.5,97.1,32.2,3.2,-4.8,134.0
2023-12-22,深圳,57.0,93.7,68.6,18.9,8.9,-4.8,96.0
2023-12-22,杭州,54.1,91.0,75.8,48.8,8.7,-4.8,95.0
2023-12-22,成都,64.9,102.6,53.0,42.8,12.6,-4.8,99.0
2023-12-22,武汉,71.2,116.5,77.6,34.3,11.5,-4.8,116.0
2023-12-22,西安,66.6,105.6,73.4,30.0,12.9,-4.8,109.0
2023-12-22,南京,27.7,52.5,74.4,29.2,14.7,-4.8,63.0
2023-12-22,重庆,53.4,96.9,75.0,30.6,8.5,-4.8,94.0
2023-12-23,北京,84.0,140.8,30.6,38.4,14.7,-4.8,113.0
2023-12-23,上海,47.2,67.9,80.8,18.7,11.9,-4.8,89.0
2023-12-23,广州,53.1,79.5,46.5,29.1,11.8,-4.8,82.0
2023-12-23,深圳,44.4,77.4,63.8,42.3,3.5,-4.8,79.0
2023-12-23,杭州,43.7,82.4,70.3,40.9,10.4,-4.8,81.0
2023-12-23,成都,32.6,68.6,120.7,15.1,13.8,-4.8,87.0
2023-12-23,武汉,51.9,87.7,42.2,54.6,12.0,-4.8,79.0
2023-12-23,西安,82.0,122.0,67.2,24.9,17.7,-4.8,125.0
2023-12-23,南京,55.2,87.9,68.5,34.8,10.2,-4.8,94.0
2023-12-23,重庆,53.6,82.8,60.2,46.5,14.3,-4.8,88.0
2023-12-24,北京,48.7,89.0,91.4,23.3,16.2,-4.9,95.0
2023-12-24,上海,39.9,59.0,49.7,34.1,12.3,-4.9,68.0
2023-12-24,广州,62.2,104.3,89.2,31.4,10.6,-4.9,110.0
2023-12-24,深圳,44.8,84.1,100.1,19.5,27.9,-4.9,94.0
2023-12-24,杭州,47.6,77.3,69.1,2.6,9.1,-4.9,85.0
2023-12-24,成都,54.1,96.7,75.4,38.4,16.0,-4.9,95.0
2023-12-24,武汉,48.9,85.2,92.8,48.5,15.2,-4.9,96.0
2023-12-24,西安,67.2,117.9,94.0,35.9,10.1,-4.9,118.0
2023-12-24,南京,58.9,106.7,86.5,44.7,8.3,-4.9,105.0
2023-12-24,重庆,35.2,63.5,49.7,43.0,8.8,-4.9,62.0
2023-12-25,北京,61.7,106.8,97.2,30.7,0.6,-4.9,113.0
2023-12-25,上海,51.0,83.6,117.6,22.7,14.4,-4.9,108.0
2023-12-25,广州,51.9,79.0,33.3,39.7,16.9,-4.9,76.0
2023-12-25,深圳,53.6,91.2,51.9,34.5,18.2,-4.9,85.0
2023-12-25,杭州,94.9,150.6,47.1,19.0,7.6,-4.9,133.0
2023-12-25,成都,75.6,120.3,82.0,48.3,-0.3,-4.9,124.0
2023-12-25,武汉,60.9,106.5,60.7,23.6,11.4,-4.9,97.0
2023-12-25,西安,89.3,142.7,56.5,32.3,7.2,-4.9,130.0
2023-12-25,南京,55.4,94.4,46.0,25.0,8.2,-4.9,85.0
2023-12-25,重庆,71.0,118.3,70.0,29.6,8.1,-4.9,113.0
2023-12-26,北京,59.5,94.3,69.4,38.3,8.3,-4.9,99.0
2023-12-26,上海,46.4,78.5,47.9,10.8,7.8,-4.9,75.0
2023-12-26,广州,56.7,92.3,71.3,37.0,9.9,-4.9,97.0
2023-12-26,深圳,38.3,71.1,101.2,32.0,20.2,-4.9,86.0
2023-12-26,杭州,23.1,56.0,72.2,51.9,14.5,-4.9,57.0
2023-12-26,成都,82.9,136.8,83.8,32.6,22.0,-4.9,133.0
2023-12-26,武汉,30.7,62.7,89.1,33.6,7.4,-4.9,72.0
2023-12-26,西安,58.3,96.3,106.5,44.6,15.2,-4.9,113.0
2023-12-26,南京,51.6,89.0,76.6,31.2,15.2,-4.9,93.0
2023-12-26,重庆,53.1,96.0,88.2,36.3,11.8,-4.9,99.0
2023-12-27,北京,,110.4,110.0,51.1,13.7,-5.0,130.0
2023-12-27,上海,55.4,82.5,61.7,34.0,5.9,-5.0,91.0
2023-12-27,广州,65.4,106.5,54.6,34.2,6.0,-5.0,100.0
2023-12-27,深圳,31.6,62.6,86.1,46.7,21.6,-5.0,72.0
2023-12-27,杭州,54.2,91.5,98.3,18.3,20.9,-5.0,104.0
2023-12-27,成都,39.8,73.5,37.6,42.8,7.3,-5.0,63.0
2023-12-27,武汉,23.7,40.9,77.3,24.8,14.5,-5.0,59.0
2023-12-27,西安,42.4,76.7,23.7,41.1,16.4,-5.0,60.0
2023-12-27,南京,31.6,49.1,60.2,35.3,18.9,-5.0,62.0
2023-12-27,重庆,74.2,113.7,61.7,40.0,16.9,-5.0,114.0
2023-12-28,北京,58.4,95.1,90.9,41.0,23.4,-5.0,106.0
2023-12-28,上海,46.7,86.3,66.9,41.9,19.3,-5.0,83.0
2023-12-28,广州,32.0,63.1,73.9,38.0,19.0,-5.0,68.0
2023-12-28,深圳,61.8,112.2,54.1,26.9,3.5,-5.0,96.0
2023-12-28,杭州,58.9,90.2,68.9,35.1,8.8,-5.0,98.0
2023-12-28,成都,37.6,63.0,77.5,46.2,15.3,-5.0,76.0
2023-12-28,武汉,72.2,120.0,41.7,20.2,10.9,-5.0,103.0
2023-12-28,西安,27.9,48.9,,35.8,5.8,-5.0,66.0
2023-12-28,南京,47.6,77.9,83.8,22.5,15.4,-5.0,91.0
2023-12-28,重庆,38.7,69.2,76.4,42.7,6.6,-5.0,77.0
2023-12-29,北京,105.0,159.8,30.1,19.4,10.7,-5.0,138.0
2023-12-29,上海,47.2,85.6,55.7,26.6,15.3,-5.0,79.0
2023-12-29,广州,31.0,55.6,46.1,15.7,18.6,-5.0,56.0
2023-12-29,深圳,20.3,40.4,87.2,33.1,13.8,-5.0,59.0
2023-12-29,杭州,54.2,90.1,75.7,53.1,17.0,-5.0,95.0
2023-12-29,成都,55.3,92.8,77.0,29.6,11.9,-5.0,97.0
2023-12-29,武汉,73.8,117.7,52.5,32.5,15.2,-5.0,110.0
2023-12-29,西安,62.0,101.6,28.9,28.4,10.9,-5.0,86.0
2023-12-29,南京,17.7,27.2,24.4,45.0,11.1,-5.0,31.0
2023-12-29,重庆,58.2,89.0,64.2,50.5,13.5,-5.0,96.0
2023-12-30,北京,27.4,49.9,72.6,59.2,8.1,-5.0,62.0
2023-12-30,上海,58.9,87.0,85.9,34.9,17.6,-5.0,105.0
2023-12-30,广州,66.0,101.3,60.2,60.0,3.6,-5.0,103.0
2023-12-30,深圳,24.3,44.2,64.7,39.4,10.4,-5.0,55.0
2023-12-30,杭州,54.8,92.6,94.9,40.7,12.4,-5.0,104.0
2023-12-30,成都,85.8,140.5,56.0,32.6,16.7,-5.0,125.0
2023-12-30,武汉,36.0,66.8,76.3,22.8,14.2,-5.0,74.0
2023-12-30,西安,83.6,131.3,95.3,40.9,11.3,-5.0,138.0
2023-12-30,南京,52.0,86.0,72.5,50.0,12.6,-5.0,91.0
2023-12-30,重庆,,157.5,,28.3,6.1,-5.0,135.0
2023-12-31,北京,71.8,119.2,,35.7,14.0,-5.0,110.0
2023-12-31,上海,69.3,117.1,56.3,44.2,10.8,-5.0,106.0
2023-12-31,广州,62.7,100.7,45.5,50.7,7.1,-5.0,93.0
2023-12-31,深圳,41.8,74.9,65.2,32.3,11.3,-5.0,76.0
2023-12-31,杭州,31.8,62.9,86.1,32.7,14.4,-5.0,73.0
2023-12-31,成都,29.7,63.4,65.0,17.2,10.3,-5.0,62.0
2023-12-31,武汉,13.6,23.9,43.4,18.6,14.7,-5.0,34.0
2023-12-31,西安,35.1,67.2,81.4,29.7,10.5,-5.0,75.0
2023-12-31,南京,86.9,134.4,39.2,16.6,18.1,-5.0,120.0
2023-12-31,重庆,57.5,88.8,74.8,35.4,11.3,-5.0,99.0
